name;constellation;bayer;ra;dec;mag;bv
;Phe;τ Phe;00:01:04.59;-48:48:35.55;5.71;0.91
;Oct;θ Oct;00:01:35.82;-77:03:56.61;4.78;1.25
;Scl;ζ Scl;00:02:19.92;-29:43:13.49;5.04;-0.15
Alpheratz;And;α And;00:08:23.25;29:05:25.56;2.07;-0.04
Caph;Cas;β Cas;00:09:10.39;59:08:59.21;2.28;0.38
;Scl;κ1 Scl;00:09:21.06;-27:59:16.54;5.42;0.41
;Phe;ε Phe;00:09:24.61;-45:44:50.73;3.88;1.01
;Oct;γ3 Oct;00:10:02.25;-82:13:26.57;5.29;1.05
;Scl;κ2 Scl;00:11:34.42;-27:47:59.05;5.41;1.35
;Scl;θ Scl;00:11:43.99;-35:07:59.23;5.24;0.46
Algenib;Peg;γ Peg;00:13:14.15;15:11:00.95;2.83;-0.19
;Peg;χ Peg;00:14:36.16;20:12:24.13;4.79;1.57
;And;θ And;00:17:05.51;38:40:53.89;4.61;0.06
;And;σ And;00:18:19.67;36:47:06.81;4.51;0.05
Groombridge 34;And;;00:18:22.23;44:01:22.63;8.09;1.56
Citadelle;Psc;;00:19:17.07;14:03:17.12;8.36;0.92
;Cet;ι Cet;00:19:25.68;-8:49:26.12;3.56;1.21
;Tuc;ζ Tuc;00:20:02.91;-64:52:29.25;4.23;0.58
;Tuc;π Tuc;00:20:39.04;-69:37:29.69;5.50;-0.05
;And;ρ And;00:21:07.26;37:58:06.97;5.16;0.44
;Scl;ι Scl;00:21:31.19;-28:58:53.29;5.18;1.01
;Hyi;β Hyi;00:25:40.50;-77:15:15.29;2.82;0.62
;Phe;κ Phe;00:26:12.18;-43:40:47.38;3.93;0.17
Ankaa;Phe;α Phe;00:26:17.00;-42:18:21.53;2.40;1.08
;Scl;η Scl;00:27:55.70;-33:00:25.80;4.86;1.63
Felixvarela;Cet;;00:28:34.32;-16:13:34.84;9.62;1.13
;Phe;λ1 Phe;00:31:24.94;-48:48:12.65;4.76;0.02
;Tuc;β1 Tuc;00:31:32.61;-62:57:29.58;4.36;-0.06
;Tuc;β2 Tuc;00:31:33.41;-62:57:56.02;4.53;0.15
;Cas;λ Cas;00:31:46.34;54:31:20.24;4.74;-0.10
;Tuc;β3 Tuc;00:32:43.84;-63:01:53.40;5.07;0.04
;Cas;κ Cas;00:32:59.99;62:55:54.42;4.17;0.13
;Tuc;θ Tuc;00:33:23.27;-71:15:58.49;6.11;0.26
;Phe;λ2 Phe;00:35:41.16;-48:00:03.27;5.51;0.46
;And;π And;00:36:52.85;33:43:09.64;4.34;-0.12
Fulu;Cas;ζ Cas;00:36:58.28;53:53:48.87;3.69;-0.20
;And;ε And;00:38:33.37;29:18:42.30;4.34;0.87
;And;δ And;00:39:19.66;30:51:39.69;3.27;1.27
Schedar;Cas;α Cas;00:40:30.42;56:32:14.39;2.24;1.17
;Phe;μ Phe;00:41:19.56;-46:05:06.03;4.59;0.95
;Phe;ξ Phe;00:41:46.36;-56:30:04.73;5.72;0.13
;Cas;ξ Cas;00:42:03.89;50:30:45.09;4.80;-0.10
;Tuc;ρ Tuc;00:42:28.33;-65:28:04.91;5.38;0.51
;Scl;λ1 Scl;00:42:42.89;-38:27:48.54;6.05;-0.02
;Phe;η Phe;00:43:21.24;-57:27:47.02;4.36;0.02
;Cas;π Cas;00:43:28.08;47:01:28.37;4.95;0.17
Diphda;Cet;β Cet;00:43:35.36;-17:59:11.78;2.04;1.02
;Cet;φ1 Cet;00:44:11.40;-10:36:34.38;4.77;1.00
;Scl;λ2 Scl;00:44:12.06;-38:25:18.07;5.90;1.14
Cocibolca;Scl;;00:44:26.63;-26:30:56.45;7.78;0.66
;Cas;ο Cas;00:44:43.51;48:17:03.71;4.48;-0.07
;And;ζ And;00:47:20.33;24:16:01.84;4.08;1.10
96 G. Psc;Psc;;00:48:22.98;05:16:50.21;5.74;0.89
;Hyi;λ Hyi;00:48:35.20;-74:55:24.38;5.09;1.35
;Psc;δ Psc;00:48:40.94;07:35:06.28;4.44;1.50
;Cas;ν Cas;00:48:50.01;50:58:05.40;4.90;-0.09
Achird;Cas;η Cas;00:49:05.74;57:48:54.67;3.46;0.59
Van Maanen's Star;Psc;;00:49:09.90;05:23:19.00;12.37;0.55
;And;ν And;00:49:48.84;41:04:44.08;4.53;-0.14
;Cet;φ2 Cet;00:50:07.59;-10:38:39.57;5.17;0.51
;Phe;ρ Phe;00:50:41.16;-50:59:12.54;5.24;0.36
;Tuc;λ1 Tuc;00:52:24.52;-69:30:13.55;6.67;0.52
;Cas;υ1 Cas;00:55:00.17;58:58:21.71;4.83;1.22
;Tuc;λ2 Tuc;00:55:00.30;-69:31:37.50;5.45;1.10
;Cet;φ3 Cet;00:56:01.49;-11:15:59.49;5.35;1.50
Castula;Cas;υ2 Cas;00:56:39.96;59:10:51.80;4.62;0.96
Cih;Cas;γ Cas;00:56:42.51;60:43:00.26;2.15;-0.05
;And;μ And;00:56:45.19;38:29:57.64;3.86;0.13
;And;η And;00:57:12.40;23:25:03.53;4.40;0.94
;Scl;α Scl;00:58:36.36;-29:21:26.82;4.30;-0.15
;Cet;φ4 Cet;00:58:43.87;-11:22:47.91;5.62;0.95
;Scl;ξ Scl;01:01:18.26;-38:54:59.50;5.59;1.18
;Phe;ω Phe;01:02:01.82;-57:00:08.60;6.12;0.94
;Scl;σ Scl;01:02:26.43;-31:33:07.22;5.50;0.08
;Psc;σ Psc;01:02:49.10;31:48:15.35;5.50;-0.04
;Psc;ε Psc;01:02:56.61;07:53:24.49;4.27;0.95
Nenque;Phe;;01:04:40.18;-39:29:17.58;7.72;0.61
;Psc;ψ1 Psc;01:05:40.95;21:28:23.45;5.33;0.00
;Psc;ψ1 Psc;01:05:41.71;21:27:55.59;5.55;-0.05
;Phe;β Phe;01:06:05.07;-46:43:06.29;3.32;0.88
;Tuc;ι Tuc;01:07:18.62;-61:46:31.04;5.36;0.88
;Phe;υ Phe;01:07:47.85;-41:29:12.90;5.21;0.16
;Psc;ψ2 Psc;01:07:57.16;20:44:20.81;5.56;0.12
;Cas;μ Cas;01:08:14.92;54:55:13.22;5.17;0.70
Wurren;Phe;ζ Phe;01:08:23.07;-55:14:44.74;3.94;-0.12
;Cet;η Cet;01:08:35.39;-10:10:56.15;3.46;1.16
;And;φ And;01:09:30.12;47:14:30.45;4.26;0.01
Mirach;And;β And;01:09:43.90;35:37:14.01;2.07;1.58
;Psc;ψ3 Psc;01:09:49.20;19:39:30.27;5.57;0.70
Emiw;Tuc;;01:10:47.13;-66:11:17.39;8.06;0.85
;Cas;θ Cas;01:11:06.06;55:08:59.64;4.34;0.17
;Psc;χ Psc;01:11:27.22;21:02:04.74;4.66;1.02
;Psc;τ Psc;01:11:39.63;30:05:22.70;4.51;1.09
Revati;Psc;ζ Psc;01:13:43.89;07:34:31.27;5.21;0.32
;Psc;φ Psc;01:13:44.95;24:35:01.37;4.67;1.05
;Psc;ζ Psc;01:13:45.26;07:34:41.74;6.44;0.49
;Phe;ν Phe;01:15:10.95;-45:31:53.99;4.97;0.57
;Tuc;κ Tuc;01:15:45.73;-68:52:33.34;4.25;0.48
;Psc;υ Psc;01:19:27.99;27:15:50.61;4.74;0.03
;Cas;φ Cas;01:20:04.92;58:13:53.80;4.95;0.68
Adhil;And;ξ And;01:22:20.41;45:31:43.60;4.87;1.08
;Cet;θ Cet;01:24:01.40;-8:10:59.73;3.60;1.07
Bélénos;Psc;;01:25:12.50;28:34:00.09;7.12;0.58
Ruchbah;Cas;δ Cas;01:25:48.78;60:14:07.02;2.66;0.16
;Cas;ψ Cas;01:25:55.95;68:07:48.04;4.72;1.05
;Psc;ρ Psc;01:26:15.26;19:10:20.45;5.35;0.40
;And;ω And;01:27:39.29;45:24:24.07;4.83;0.42
;Phe;γ Phe;01:28:21.93;-43:19:05.64;3.41;1.54
;Psc;μ Psc;01:30:11.11;06:08:37.75;4.84;1.37
;Phe;δ Phe;01:31:15.06;-49:04:21.73;3.93;0.97
Alpherg;Psc;η Psc;01:31:29.01;15:20:44.96;3.62;0.97
;Cas;χ Cas;01:33:55.90;59:13:55.34;4.68;0.99
;Scl;τ Scl;01:36:08.50;-29:54:26.34;5.69;0.34
Titawin;And;υ And;01:36:47.88;41:24:19.65;4.10;0.54
;Psc;π Psc;01:37:05.92;12:08:29.53;5.54;0.35
Achernar;Eri;α Eri;01:37:42.80;-57:14:12.33;0.45;-0.16
Nembus;And;;01:37:59.54;48:37:41.57;3.59;1.27
;And;χ And;01:39:21.01;44:23:10.19;5.01;0.88
p Eridani;Eri;;01:39:46.81;-56:11:40.63;5.80;0.86
p Eridani;Eri;;01:39:47.41;-56:11:47.04;5.76;0.88
;And;τ And;01:40:34.81;40:34:37.38;4.96;-0.07
;Hyi;τ1 Hyi;01:41:21.32;-79:08:53.52;6.33;0.95
;Psc;ν Psc;01:41:25.89;05:29:15.41;4.45;1.35
;Scl;π Scl;01:42:08.60;-32:19:37.09;5.25;1.04
;Per;φ Per;01:43:39.63;50:41:19.44;4.01;-0.10
;Cet;τ Cet;01:44:04.12;-15:56:14.93;3.49;0.73
Torcular;Psc;ο Psc;01:45:23.63;09:09:27.85;4.26;0.94
;Scl;ε Scl;01:45:38.75;-25:03:09.40;5.29;0.40
;Hyi;τ2 Hyi;01:47:46.65;-80:10:34.72;6.05;0.34
;Cet;χ Cet;01:49:35.10;-10:41:11.08;4.66;0.33
Baten Kaitos;Cet;ζ Cet;01:51:27.63;-10:20:06.14;3.74;1.14
;Hyi;η1 Hyi;01:52:34.75;-67:56:40.21;6.77;-0.05
Mothallah;Tri;α Tri;01:53:04.91;29:34:43.78;3.42;0.49
Mesarthim;Ari;γ2 Ari;01:53:31.81;19:17:37.87;3.88;-0.05
;Psc;ξ Psc;01:53:33.35;03:11:15.13;4.61;0.93
;Phe;ψ Phe;01:53:38.77;-46:18:09.61;4.39;1.60
;Phe;φ Phe;01:54:22.04;-42:29:49.02;5.12;-0.06
Segin;Cas;ε Cas;01:54:23.70;63:40:12.36;3.35;-0.15
Sheratan;Ari;β Ari;01:54:38.40;20:48:28.93;2.64;0.17
;Hyi;η2 Hyi;01:54:56.06;-67:38:50.29;4.68;0.93
;Hyi;σ Hyi;01:55:50.31;-78:20:54.77;6.15;0.45
;Eri;χ Eri;01:55:57.23;-51:36:32.03;3.69;0.84
;Cas;ω Cas;01:56:00.01;68:41:06.87;4.97;-0.08
;Ari;ι Ari;01:57:21.05;17:49:03.12;5.09;0.92
;Ari;λ Ari;01:57:55.72;23:35:45.82;4.79;0.29
;Hyi;α Hyi;01:58:46.02;-61:34:11.49;2.86;0.29
;Cet;υ Cet;02:00:00.30;-21:04:40.19;3.99;1.55
;For;π For;02:01:14.73;-30:00:06.59;5.34;0.88
;Phe;χ Phe;02:01:42.38;-44:42:48.63;5.15;1.47
Alrescha;Psc;α Psc;02:02:02.82;02:45:49.53;3.82;0.02
;Tri;ε Tri;02:02:57.96;33:17:02.89;5.50;0.03
Almach;And;γ1 And;02:03:53.94;42:19:47.01;2.10;1.37
;For;ν For;02:04:29.44;-29:17:48.55;4.68;-0.16
;Ari;κ Ari;02:06:33.92;22:38:53.94;5.03;0.12
Hamal;Ari;α Ari;02:07:10.40;23:27:44.72;2.01;1.15
;Tri;β Tri;02:09:32.61;34:59:14.27;3.00;0.14
;Ari;η Ari;02:12:48.08;21:12:39.57;5.23;0.46
;For;μ For;02:12:54.47;-30:43:25.77;5.27;-0.01
;Cet;ξ1 Cet;02:12:59.99;08:50:48.18;4.36;0.88
;Hyi;π1 Hyi;02:14:14.52;-67:50:29.19;5.57;1.56
;Hyi;π2 Hyi;02:15:28.58;-67:44:46.92;5.67;1.31
;Eri;φ Eri;02:16:30.55;-51:30:43.79;3.56;-0.12
;Tri;δ Tri;02:17:03.09;34:13:27.23;4.84;0.61
;Tri;γ Tri;02:17:18.86;33:50:49.90;4.03;0.02
;Ari;θ Ari;02:18:07.54;19:54:04.19;5.58;0.01
Mira;Cet;ο Cet;02:19:20.79;-2:58:39.51;6.47;0.97
;Hyi;δ Hyi;02:21:44.99;-68:39:33.90;4.08;0.03
;For;κ For;02:22:32.53;-23:48:58.77;5.19;0.61
;Hyi;κ Hyi;02:22:52.43;-73:38:44.85;5.99;1.09
;Ari;ξ Ari;02:24:49.06;10:36:38.03;5.48;-0.10
;Hor;λ Hor;02:24:53.95;-60:18:43.01;5.36;0.40
;Cet;ρ Cet;02:25:57.00;-12:17:25.73;4.88;-0.03
;Eri;κ Eri;02:26:59.12;-47:42:13.82;4.24;-0.14
;For;φ For;02:28:01.70;-33:48:39.74;5.13;0.09
;Cet;ξ2 Cet;02:28:09.54;08:27:36.19;4.30;-0.05
;Cas;ι Cas;02:29:03.97;67:24:08.91;4.46;0.15
;Hyi;μ Hyi;02:31:40.20;-79:06:33.78;5.27;0.98
Polaris;UMi;α UMi;02:31:47.10;89:15:50.79;1.97;0.64
;Cet;σ Cet;02:32:05.23;-15:14:40.84;4.74;0.45
;For;λ1 For;02:33:07.03;-34:38:59.88;5.91;1.06
;For;ω For;02:33:50.71;-28:13:56.43;4.96;-0.05
;Cet;ν Cet;02:35:52.47;05:35:35.69;4.87;0.88
268 G. Cet;Cet;;02:36:04.89;06:53:12.73;5.79;0.92
;For;ι1 For;02:36:09.27;-30:02:41.92;5.74;1.02
;For;λ2 For;02:36:58.61;-34:34:40.72;5.78;0.65
Buna;And;;02:37:01.92;42:03:45.48;7.28;0.66
;Hor;η Hor;02:37:24.33;-52:32:35.11;5.30;0.29
;For;ι2 For;02:38:18.65;-30:11:38.62;5.84;0.48
;Ari;ν Ari;02:38:48.99;21:57:41.07;5.45;0.17
;Cet;δ Cet;02:39:28.96;00:19:42.64;4.08;-0.21
;Cet;ε Cet;02:39:33.83;-11:52:19.76;4.83;0.45
;Hyi;ε Hyi;02:39:35.28;-68:16:01.01;4.12;-0.06
;Hor;ζ Hor;02:40:39.60;-54:32:59.68;5.21;0.41
;Eri;ι Eri;02:40:40.01;-39:51:19.35;4.11;1.01
;Ari;μ Ari;02:42:21.94;20:00:41.27;5.74;-0.02
;Hor;ι Hor;02:42:33.35;-50:48:01.06;5.40;0.56
Kaffaljidhma;Cet;γ Cet;02:43:18.04;03:14:08.94;3.47;0.09
;Cet;π Cet;02:44:07.35;-13:51:31.31;4.24;-0.12
;Per;θ Per;02:44:11.88;49:13:42.41;4.10;0.51
;Ari;ο Ari;02:44:32.97;15:18:42.70;5.78;-0.02
;Cet;μ Cet;02:44:56.54;10:06:50.93;4.27;0.31
;Eri;τ1 Eri;02:45:06.17;-18:34:21.23;4.47;0.48
;Hor;γ Hor;02:45:27.46;-63:42:16.39;5.73;0.93
;Hyi;ζ Hyi;02:45:32.57;-67:36:59.82;4.83;0.06
Koeia;Eri;;02:46:42.87;-23:05:11.80;10.25;1.39
;For;η1 For;02:47:33.76;-35:33:02.24;6.51;0.96
Lilii Borea;Ari;;02:47:54.53;29:14:49.62;4.52;1.11
;Hor;ν Hor;02:49:01.42;-62:48:23.48;5.25;0.10
;For;β For;02:49:05.41;-32:24:21.23;4.45;0.98
;Ari;π Ari;02:49:17.56;17:27:51.51;5.26;-0.07
Nushagak;Cas;;02:49:44.37;71:45:11.64;8.17;0.64
;For;γ1 For;02:49:50.97;-24:33:37.12;6.14;1.00
;For;γ2 For;02:49:54.18;-27:56:31.13;5.39;0.01
Bharani;Ari;;02:49:59.03;27:15:37.83;3.61;-0.10
;For;η2 For;02:50:14.78;-35:50:37.09;5.92;0.90
;Hyi;ν Hyi;02:50:28.52;-75:04:01.01;4.76;1.34
;For;η3 For;02:50:40.41;-35:40:33.06;5.48;1.26
Miram;Per;η Per;02:50:41.80;55:53:43.79;3.77;1.69
Angetenar;Eri;τ2 Eri;02:51:02.32;-21:00:14.47;4.76;0.91
;Ari;σ Ari;02:51:29.58;15:04:55.46;5.52;-0.10
;For;ψ For;02:53:34.39;-38:26:13.21;5.93;0.44
;Per;τ Per;02:54:15.46;52:45:44.92;3.93;0.76
;Ari;ρ1 Ari;02:54:55.20;17:44:05.12;7.01;0.28
;Ari;ρ2 Ari;02:55:48.50;18:19:53.90;5.76;1.45
Azha;Eri;η Eri;02:56:25.65;-8:53:53.32;3.89;1.09
;Ari;ρ3 Ari;02:56:26.15;18:01:23.23;5.58;0.47
Acamar;Eri;θ1 Eri;02:58:15.68;-40:18:16.82;2.88;0.13
;Per;π Per;02:58:45.67;39:39:45.82;4.68;0.06
;Hor;β Hor;02:58:47.78;-64:04:16.62;4.98;0.13
;Ari;ε Ari;02:59:12.72;21:20:25.54;4.63;0.05
;For;ζ For;02:59:36.17;-25:16:26.88;5.69;0.43
;Cet;λ Cet;02:59:42.90;08:54:26.51;4.71;-0.11
Ayeyarwady;Eri;;03:00:10.66;-20:48:09.37;7.81;0.94
;Eri;ρ1 Eri;03:01:10.02;-7:39:46.84;5.75;1.04
;For;ε For;03:01:37.61;-28:05:29.59;5.88;0.79
;Hyi;θ Hyi;03:02:15.41;-71:54:08.85;5.51;-0.12
Menkar;Cet;α Cet;03:02:16.77;04:05:23.04;2.54;1.63
;Eri;τ3 Eri;03:02:23.51;-23:37:28.10;4.08;0.16
;Eri;ρ2 Eri;03:02:42.27;-7:41:07.70;5.32;0.94
;Hor;μ Hor;03:03:36.86;-59:44:15.99;5.12;0.35
;Eri;ρ3 Eri;03:04:16.51;-7:36:03.09;5.26;0.19
;Per;γ Per;03:04:47.79;53:30:23.18;2.91;0.72
;Per;ρ Per;03:05:10.57;38:50:24.99;3.32;1.53
Algol;Per;β Per;03:08:10.13;40:57:20.33;2.09;-0.00
;Per;ι Per;03:09:03.62;49:36:47.80;4.05;0.60
Misam;Per;κ Per;03:09:29.73;44:51:27.16;3.79;0.98
;Per;ω Per;03:11:17.39;39:36:41.70;4.61;1.12
Botein;Ari;δ Ari;03:11:37.76;19:43:36.04;4.35;1.03
Dalim;For;α For;03:12:04.50;-28:59:15.42;3.80;0.54
;Ari;ζ Ari;03:14:54.10;21:02:39.99;4.87;-0.01
Zibal;Eri;ζ Eri;03:15:50.03;-8:49:11.03;4.80;0.23
;Hyi;ι Hyi;03:15:57.42;-77:23:18.43;5.51;0.44
;Ret;ζ1 Ret;03:17:45.25;-62:34:31.16;5.53;0.64
;Ret;ζ2 Ret;03:18:11.91;-62:30:22.91;5.24;0.60
;Cet;κ1 Cet;03:19:21.69;03:22:12.71;4.84;0.68
;Eri;τ4 Eri;03:19:31.00;-21:45:28.31;3.70;1.61
82 G. Eri;Eri;;03:19:55.00;-43:04:11.22;4.26;0.71
Intan;For;;03:20:42.66;-33:43:48.37;9.92;1.04
;Cet;κ2 Cet;03:21:06.80;03:40:32.23;5.70;0.96
;Ari;τ1 Ari;03:21:13.62;21:08:49.51;5.27;-0.07
;Ari;τ2 Ari;03:22:45.24;20:44:31.45;5.10;1.23
Mirfak;Per;α Per;03:24:19.36;49:51:40.25;1.79;0.48
;Tau;ο Tau;03:24:48.79;09:01:43.93;3.61;0.89
;For;χ1 For;03:25:55.84;-35:55:15.19;6.39;0.08
;Tau;ξ Tau;03:27:10.15;09:43:57.65;3.73;-0.08
;For;χ2 For;03:27:33.41;-35:40:52.76;5.71;1.28
;For;χ3 For;03:28:11.52;-35:51:12.33;6.49;0.13
;Ret;κ Ret;03:29:22.41;-62:56:15.10;4.71;0.41
;Per;σ Per;03:30:34.48;47:59:42.78;4.36;1.37
Ran;Eri;ε Eri;03:32:55.85;-9:27:29.74;3.72;0.88
;Eri;τ5 Eri;03:33:47.28;-21:37:58.38;4.26;-0.11
;Per;ψ Per;03:36:29.37;48:11:33.48;4.32;-0.06
;For;τ For;03:38:47.67;-27:56:34.99;6.01;-0.03
Tupi;Ret;;03:39:43.17;-52:54:57.02;7.12;0.58
;For;δ For;03:42:14.90;-31:56:18.10;4.99;-0.16
;Per;δ Per;03:42:55.50;47:47:15.18;3.01;-0.12
Rana;Eri;δ Eri;03:43:14.90;-9:45:48.22;3.52;0.92
;Ret;β Ret;03:44:11.73;-64:48:24.85;3.84;1.13
Atik;Per;ο Per;03:44:19.13;32:17:17.69;3.84;0.02
Celaeno;Tau;;03:44:48.21;24:17:22.09;5.45;-0.03
Electra;Tau;;03:44:52.54;24:06:48.02;3.72;-0.10
;Per;ν Per;03:45:11.64;42:34:42.78;3.77;0.43
Taygeta;Tau;;03:45:12.49;24:28:02.20;4.30;-0.11
Maia;Tau;;03:45:49.60;24:22:03.89;3.87;-0.06
Asterope;Tau;;03:45:54.48;24:33:16.24;5.76;-0.04
;Eri;π Eri;03:46:08.53;-12:06:05.72;4.43;1.60
Merope;Tau;;03:46:19.57;23:56:54.09;4.14;-0.05
;For;σ For;03:46:27.43;-29:20:17.37;5.91;0.11
;Eri;τ6 Eri;03:46:50.89;-23:14:59.00;4.22;0.43
;Hyi;γ Hyi;03:47:14.26;-74:14:20.26;3.26;1.59
Alcyone;Tau;η Tau;03:47:29.08;24:06:18.49;2.85;-0.09
;Eri;τ7 Eri;03:47:39.65;-23:52:28.84;5.24;0.08
;For;ρ For;03:47:56.04;-30:10:04.38;5.52;0.97
Atlas;Tau;;03:49:09.74;24:03:12.29;3.62;-0.07
Pleione;Tau;;03:49:11.22;24:08:12.16;5.05;-0.08
;Cam;γ Cam;03:50:21.49;71:19:56.16;4.59;0.06
;Eri;τ8 Eri;03:53:42.70;-24:36:44.03;4.64;-0.14
;Per;ζ Per;03:54:07.92;31:53:01.09;2.84;0.27
;Per;ε Per;03:57:51.23;40:00:36.77;2.90;-0.20
Zaurak;Eri;γ Eri;03:58:01.77;-13:30:30.65;2.97;1.59
;Ret;δ Ret;03:58:44.74;-61:24:00.67;4.56;1.59
Menkib;Per;ξ Per;03:58:57.90;35:47:27.72;3.98;0.02
;Eri;τ9 Eri;03:59:55.48;-24:00:58.37;4.62;-0.12
;Tau;λ Tau;04:00:40.82;12:29:25.25;3.41;-0.10
;Ret;γ Ret;04:00:53.81;-62:09:33.42;4.48;1.50
;Ret;ι Ret;04:01:18.11;-61:04:43.76;4.97;1.39
;Tau;ν Tau;04:03:09.38;05:59:21.50;3.91;0.03
;Per;λ Per;04:06:35.05;50:21:04.54;4.25;-0.01
;Tau;ψ Tau;04:07:00.46;29:00:04.68;5.21;0.36
;Tau;ω1 Tau;04:09:09.96;19:36:33.18;5.51;1.08
;Hor;δ Hor;04:10:50.55;-41:59:36.86;4.93;0.33
Beid;Eri;ο1 Eri;04:11:51.94;-6:50:15.29;4.04;0.33
;Hor;α Hor;04:14:00.11;-42:17:39.72;3.85;1.09
;Ret;α Ret;04:14:25.45;-62:28:25.89;3.33;0.92
;Per;μ Per;04:14:53.86;48:24:33.59;4.12;0.94
Keid;Eri;ο2 Eri;04:15:16.33;-7:39:10.34;4.43;0.82
;Tau;μ Tau;04:15:32.06;08:53:32.49;4.27;-0.05
;Dor;γ Dor;04:16:01.55;-51:29:11.93;4.26;0.31
;Ret;ε Ret;04:16:29.06;-59:18:07.76;4.44;1.08
;Tau;ω2 Tau;04:17:15.66;20:34:42.93;4.93;0.26
;Ret;θ Ret;04:17:40.27;-63:15:19.46;5.88;-0.06
;Eri;υ4 Eri;04:17:53.65;-33:47:54.05;3.55;-0.11
;Men;δ Men;04:17:59.19;-80:12:50.52;5.67;0.84
Prima Hyadum;Tau;γ Tau;04:19:47.60;15:37:39.51;3.65;0.98
;Tau;φ Tau;04:20:21.22;27:21:02.71;4.97;1.15
;Men;ν Men;04:20:58.04;-81:34:47.71;5.78;0.36
;Ret;η Ret;04:21:53.27;-63:23:11.01;5.24;0.95
;Tau;χ Tau;04:22:34.94;25:37:45.53;5.38;-0.04
Secunda Hyadum;Tau;δ1 Tau;04:22:56.09;17:32:33.05;3.77;0.98
;Eri;ξ Eri;04:23:40.85;-3:44:43.69;5.17;0.07
Beemim;Eri;;04:24:02.21;-34:01:00.65;3.97;1.47
;Tau;δ2 Tau;04:24:05.76;17:26:38.87;4.80;0.15
;Tau;κ1 Tau;04:25:22.16;22:17:37.95;4.21;0.14
;Tau;κ2 Tau;04:25:25.01;22:11:59.99;5.27;0.25
;Tau;δ3 Tau;04:25:29.38;17:55:40.48;4.30;0.05
;Tau;υ Tau;04:26:18.46;22:48:48.90;4.28;0.26
;Tau;π Tau;04:26:36.37;14:42:49.62;4.69;0.98
;Tau;θ1 Tau;04:28:34.49;15:57:43.85;3.84;0.95
Ain;Tau;ε Tau;04:28:36.99;19:10:49.55;3.53;1.01
Chamukuy;Tau;θ2 Tau;04:28:39.74;15:52:15.18;3.40;0.18
;Cae;δ Cae;04:30:50.10;-44:57:13.50;5.07;-0.19
Hoggar;Tau;;04:31:25.45;04:34:31.03;8.38;1.01
;Eri;υ1 Eri;04:33:30.56;-29:45:59.37;4.49;0.97
;Tau;ρ Tau;04:33:50.91;14:50:39.93;4.65;0.25
;Dor;α Dor;04:33:59.75;-55:02:41.91;3.30;-0.08
Theemin;Eri;υ2 Eri;04:35:33.04;-30:33:44.43;3.81;0.96
Aldebaran;Tau;α Tau;04:35:55.24;16:30:33.48;0.87;1.54
;Eri;ν Eri;04:36:19.14;-3:21:08.85;3.93;-0.21
Sceptrum;Eri;;04:38:10.82;-14:18:14.47;3.86;1.08
;Tau;σ1 Tau;04:39:09.22;15:47:59.45;5.08;0.14
;Tau;σ2 Tau;04:39:16.50;15:55:04.72;4.67;0.15
;Cae;α Cae;04:40:33.74;-41:51:49.51;4.44;0.34
;Cae;β Cae;04:42:03.47;-37:08:39.47;5.04;0.39
;Tau;τ Tau;04:42:14.70;22:57:24.93;4.27;-0.11
;Pic;λ Pic;04:42:46.44;-50:28:52.80;5.30;0.98
;Men;μ Men;04:43:03.95;-70:55:51.70;5.53;-0.11
;Dor;κ Dor;04:44:21.14;-59:43:57.84;5.28;0.21
;Eri;μ Eri;04:45:30.15;-3:15:16.77;4.01;-0.15
;Cae;ζ Cae;04:47:49.57;-30:01:13.34;6.35;1.07
Tabit;Ori;π3 Ori;04:49:50.41;06:57:40.59;3.19;0.48
Mouhoun;Eri;;04:50:17.86;-24:22:07.82;7.91;0.96
;Ori;π2 Ori;04:50:36.72;08:54:00.63;4.35;0.01
;Pic;ι Pic;04:50:55.34;-53:27:41.43;5.58;0.34
;Pic;ι Pic;04:50:56.53;-53:27:34.91;6.42;0.48
;Ori;π4 Ori;04:51:12.36;05:36:18.37;3.68;-0.16
;Ori;ο1 Ori;04:52:31.96;14:15:02.31;4.71;1.77
;Eri;ω Eri;04:52:53.67;-5:27:09.70;4.36;0.26
;Cam;α Cam;04:54:03.01;66:20:33.64;4.26;-0.01
;Ori;π5 Ori;04:54:15.09;02:26:26.42;3.71;-0.18
;Ori;π1 Ori;04:54:53.73;10:09:03.00;4.64;0.09
;Men;η Men;04:55:11.15;-74:56:12.67;5.47;1.52
;Ori;ο2 Ori;04:56:22.28;13:30:52.08;4.06;1.16
Hassaleh;Aur;ι Aur;04:56:59.62;33:09:57.92;2.69;1.49
;Ori;π6 Ori;04:58:32.90;01:42:50.46;4.47;1.37
;Men;ξ Men;04:58:50.98;-82:28:13.84;5.84;0.93
;Aur;ω Aur;04:59:15.40;37:53:24.88;4.93;0.04
;Eri;ψ Eri;05:01:26.35;-7:10:26.27;4.80;-0.16
Almaaz;Aur;ε Aur;05:01:58.13;43:49:23.91;3.03;0.54
Saclateni;Aur;ζ Aur;05:02:28.68;41:04:33.01;3.69;1.15
;Men;β Men;05:02:43.00;-71:18:51.48;5.30;1.00
;Pic;η1 Pic;05:02:48.70;-49:09:05.07;5.37;0.42
;Tau;ι Tau;05:03:05.75;21:35:23.86;4.62;0.16
;Cam;β Cam;05:03:25.09;60:26:32.08;4.03;0.92
;Cae;γ1 Cae;05:04:24.38;-35:28:58.72;4.55;1.18
;Cae;γ2 Cae;05:04:26.15;-35:42:18.39;6.32;0.31
;Pic;η2 Pic;05:04:57.99;-49:34:40.21;5.05;1.48
;Lep;ε Lep;05:05:27.66;-22:22:15.72;3.19;1.46
;Dor;ζ Dor;05:05:30.67;-57:28:21.73;4.71;0.53
Haedus;Aur;η Aur;05:06:30.89;41:14:04.11;3.18;-0.15
Cursa;Eri;β Eri;05:07:50.98;-5:05:11.21;2.78;0.16
;Eri;λ Eri;05:09:08.78;-8:45:14.69;4.25;-0.19
Mago;Cam;;05:09:36.65;69:38:21.84;6.43;1.10
Kapteyn's Star;Pic;;05:11:39.01;-45:01:06.30;8.86;1.54
;Lep;ι Lep;05:12:17.90;-11:52:09.19;4.45;-0.10
;Lep;μ Lep;05:12:55.90;-16:12:19.68;3.29;-0.11
;Lep;κ Lep;05:13:13.88;-12:56:28.65;4.36;-0.09
;Ori;ρ Ori;05:13:17.48;02:51:40.55;4.46;1.17
;Aur;μ Aur;05:13:25.72;38:29:04.19;4.82;0.19
;Dor;θ Dor;05:13:45.44;-67:11:06.92;4.81;1.27
Rigel;Ori;β Ori;05:14:32.27;-8:12:05.90;0.18;-0.03
Capella;Aur;α Aur;05:16:41.34;45:59:52.77;0.08;0.80
;Col;ο Col;05:17:29.08;-34:53:42.75;4.81;0.99
;Ori;τ Ori;05:17:36.39;-6:50:39.87;3.59;-0.12
;Aur;λ Aur;05:19:08.38;40:05:56.58;4.69;0.63
;Pic;ζ Pic;05:19:22.13;-50:36:21.48;5.44;0.52
;Lep;λ Lep;05:19:34.53;-13:10:36.44;4.29;-0.23
;Lep;ν Lep;05:19:59.02;-12:18:56.11;5.29;-0.10
;Aur;ρ Aur;05:21:48.41;41:48:16.46;5.22;-0.13
;Pic;κ Pic;05:22:22.15;-56:08:03.84;6.10;-0.09
;Ori;η Ori;05:24:28.62;-2:23:49.73;3.35;-0.24
;Aur;σ Aur;05:24:39.14;37:23:07.25;5.02;1.45
;Ori;ψ1 Ori;05:24:44.83;01:50:47.20;4.89;-0.20
;Pic;θ Pic;05:24:46.29;-52:18:58.48;6.26;0.07
Bellatrix;Ori;γ Ori;05:25:07.86;06:20:58.93;1.64;-0.22
Elnath;Tau;β Tau;05:26:17.51;28:36:26.82;1.65;-0.13
;Dor;λ Dor;05:26:19.27;-58:54:45.07;5.14;0.99
;Ori;ψ2 Ori;05:26:50.23;03:05:44.43;4.59;-0.20
;Aur;φ Aur;05:27:38.89;34:28:33.21;5.08;1.40
Nihal;Lep;β Lep;05:28:14.72;-20:45:33.99;2.81;0.81
;Col;ε Col;05:31:12.75;-35:28:13.87;3.86;1.13
;Men;γ Men;05:31:52.74;-76:20:27.47;5.18;1.13
;Ori;υ Ori;05:31:55.86;-7:18:05.53;4.62;-0.26
Mintaka;Ori;δ Ori;05:32:00.40;00:17:56.73;2.25;-0.17
;Aur;χ Aur;05:32:43.67;32:11:31.28;4.71;0.28
Arneb;Lep;α Lep;05:32:43.81;-17:49:20.24;2.58;0.21
;Dor;β Dor;05:33:37.52;-62:29:23.37;3.76;0.64
;Ori;φ1 Ori;05:34:49.24;09:29:22.48;4.39;-0.16
Meissa;Ori;λ Ori;05:35:08.28;09:56:02.97;3.39;-0.16
;Ori;θ1 Ori;05:35:16.47;-5:23:22.91;5.13;0.02
;Ori;θ1 Ori;05:35:17.20;-5:23:15.65;6.71;0.08
;Ori;θ2 Ori;05:35:22.90;-5:24:57.82;4.98;-0.10
Hatysa;Ori;ι Ori;05:35:25.98;-5:54:35.64;2.75;-0.21
;Men;ι Men;05:35:36.14;-78:49:15.02;6.04;-0.02
Alnilam;Ori;ε Ori;05:36:12.81;-1:12:06.91;1.69;-0.18
;Ori;φ2 Ori;05:36:54.39;09:17:26.42;4.09;0.95
Bubup;Men;;05:37:01.81;-73:41:57.63;6.69;0.58
;Men;π Men;05:37:08.98;-80:28:08.84;5.65;0.60
;Col;ν1 Col;05:37:16.50;-27:52:16.90;6.15;0.32
Tianguan;Tau;ζ Tau;05:37:38.69;21:08:33.18;2.97;-0.15
;Col;ν2 Col;05:37:44.62;-28:41:22.88;5.28;0.49
;Ori;σ Ori;05:38:44.77;-2:36:00.25;3.77;-0.19
;Ori;ω Ori;05:39:11.15;04:07:17.28;4.50;-0.10
Phact;Col;α Col;05:39:38.94;-34:04:26.79;2.65;-0.12
Alnitak;Ori;ζ Ori;05:40:45.53;-1:56:33.26;1.74;-0.20
;Lep;γ Lep;05:44:27.81;-22:26:54.18;3.59;0.48
;Dor;δ Dor;05:44:46.40;-65:44:07.89;4.34;0.22
;Aur;ο Aur;05:45:54.04;49:49:34.52;5.46;0.03
;Col;μ Col;05:45:59.89;-32:18:23.17;5.18;-0.27
;Lep;ζ Lep;05:46:57.34;-14:49:19.02;3.55;0.10
;Pic;β Pic;05:47:17.08;-51:03:59.45;3.85;0.17
Saiph;Ori;κ Ori;05:47:45.39;-9:40:10.58;2.07;-0.17
;Men;λ Men;05:47:48.14;-72:42:08.10;6.54;1.07
;Aur;τ Aur;05:49:10.44;39:10:51.86;4.51;0.95
;Pic;γ Pic;05:49:49.62;-56:09:59.99;4.50;1.08
;Dor;ε Dor;05:49:53.54;-66:54:04.27;5.10;-0.13
;Men;κ Men;05:50:16.80;-79:21:40.90;5.46;-0.08
Wazn;Col;β Col;05:50:57.58;-35:46:05.91;3.12;1.15
;Aur;υ Aur;05:51:02.43;37:18:20.06;4.72;1.62
;Lep;δ Lep;05:51:19.29;-20:52:44.72;3.76;0.98
;Aur;ν Aur;05:51:29.40;39:08:54.53;3.97;1.13
;Col;λ Col;05:53:06.88;-33:48:04.90;4.88;-0.15
;Ori;χ1 Ori;05:54:22.99;20:16:34.23;4.39;0.59
;Aur;ξ Aur;05:54:50.79;55:42:25.01;4.96;0.05
Betelgeuse;Ori;α Ori;05:55:10.30;07:24:25.43;0.45;1.50
;Col;ξ Col;05:55:29.91;-37:07:14.40;4.97;1.10
;Col;σ Col;05:56:20.94;-31:22:56.78;5.52;0.38
;Lep;η Lep;05:56:24.30;-14:10:03.72;3.71;0.34
;Col;γ Col;05:57:32.21;-35:16:59.81;4.36;-0.17
;Col;η Col;05:59:08.80;-42:48:54.49;3.96;1.15
;Aur;δ Aur;05:59:31.60;54:17:04.76;3.72;1.01
Menkalinan;Aur;β Aur;05:59:31.74;44:56:50.76;1.90;0.08
Mahasim;Aur;θ Aur;05:59:43.26;37:12:45.31;2.65;-0.08
;Aur;π Aur;05:59:56.10;45:56:12.25;4.30;1.70
;Ori;μ Ori;06:02:23.00;09:38:50.19;4.12;0.17
;Ori;χ2 Ori;06:03:55.18;20:08:18.43;4.64;0.24
;Lep;θ Lep;06:06:09.32;-14:56:06.91;4.67;0.05
;Dor;η1 Dor;06:06:09.37;-66:02:22.64;5.72;-0.02
;Col;π1 Col;06:06:41.05;-42:17:55.69;6.15;0.25
Elkurud;Col;θ Col;06:07:31.63;-37:15:10.51;5.00;-0.09
;Ori;ν Ori;06:07:34.32;14:46:06.50;4.42;-0.16
;Col;π2 Col;06:07:52.86;-42:09:14.55;5.50;0.01
;Dor;ν Dor;06:08:44.31;-68:50:36.27;5.06;-0.07
;Men;α Men;06:10:14.28;-74:45:10.96;5.08;0.71
;Pic;δ Pic;06:10:17.91;-54:58:07.12;4.72;-0.23
;Dor;η2 Dor;06:11:15.00;-65:35:21.90;5.01;1.60
;Ori;ξ Ori;06:11:56.40;14:12:31.55;4.45;-0.18
Amadioha;CMa;;06:13:35.65;-29:53:50.17;8.98;0.82
;Mon;γ Mon;06:14:51.33;-6:16:29.19;3.99;1.32
Propus;Gem;η Gem;06:14:52.66;22:30:24.48;3.31;1.60
;Aur;κ Aur;06:15:22.69;29:29:53.07;4.32;1.02
;Col;κ Col;06:16:33.14;-35:08:25.87;4.37;0.98
Red Rectangle;Mon;;06:19:58.22;-10:38:14.69;8.85;0.34
Furud;CMa;ζ CMa;06:20:18.79;-30:03:48.12;3.02;-0.16
;Col;δ Col;06:22:06.83;-33:26:11.04;3.85;0.86
;Dor;π1 Dor;06:22:38.24;-69:59:02.55;5.56;1.51
Mirzam;CMa;β CMa;06:22:41.98;-17:57:21.30;1.98;-0.24
;Pic;ν Pic;06:22:55.84;-56:22:11.89;5.60;0.24
Tejat;Gem;μ Gem;06:22:57.62;22:30:48.91;2.87;1.62
;Mon;ε Mon;06:23:46.09;04:35:34.31;4.39;0.22
Canopus;Car;α Car;06:23:57.10;-52:41:44.38;-0.62;0.16
;Aur;ψ1 Aur;06:24:53.90;49:17:16.41;4.92;1.90
;Dor;π2 Dor;06:25:28.64;-69:41:25.08;5.37;0.97
;CMa;λ CMa;06:28:10.21;-32:34:48.25;4.47;-0.17
Lucilinburhuc;Aur;;06:28:45.72;38:57:46.67;7.89;0.74
;Mon;β Mon;06:28:49.07;-7:01:59.02;3.76;-0.11
;Gem;ν Gem;06:28:57.79;20:12:43.68;4.13;-0.12
Lusitânia;Mon;;06:29:13.19;10:56:02.01;8.10;0.85
Ross 614;Mon;;06:29:23.40;-2:48:50.32;11.12;1.69
;CMa;ξ1 CMa;06:31:51.37;-23:25:06.32;4.34;-0.25
;Pic;μ Pic;06:31:58.31;-58:45:13.81;5.69;-0.06
;CMa;ξ2 CMa;06:35:03.39;-22:57:53.25;4.54;-0.04
;CMa;ν1 CMa;06:36:22.85;-18:39:35.65;5.71;0.85
;CMa;ν2 CMa;06:36:41.04;-19:15:21.16;3.95;1.04
Alhena;Gem;γ Gem;06:37:42.70;16:23:57.31;1.93;0.00
;Pup;ν Pup;06:37:45.67;-43:11:45.36;3.17;-0.10
;CMa;ν3 CMa;06:37:53.42;-18:14:14.92;4.42;1.14
;Aur;ψ3 Aur;06:38:49.18;39:54:09.21;5.34;-0.08
;Aur;ψ2 Aur;06:39:19.83;42:29:19.96;4.80;1.24
Nosaxa;Pup;;06:40:01.72;-48:32:31.04;8.05;0.75
;Men;ζ Men;06:40:02.91;-80:48:48.93;5.61;0.21
;Aur;ψ4 Aur;06:43:04.98;44:31:28.02;5.04;1.48
Mebsuta;Gem;ε Gem;06:43:55.93;25:07:52.05;3.06;1.38
Sirius;CMa;α CMa;06:45:08.93;-16:42:58.02;-1.44;0.01
Alzirr;Gem;ξ Gem;06:45:17.37;12:53:44.13;3.35;0.44
;Aur;ψ5 Aur;06:46:44.34;43:34:38.74;5.24;0.57
;Aur;ψ6 Aur;06:47:39.58;48:47:22.11;5.22;1.13
;Pic;α Pic;06:48:11.50;-61:56:29.01;3.24;0.22
;CMa;κ CMa;06:49:50.46;-32:30:30.52;3.50;-0.12
;Pup;τ Pup;06:49:56.16;-50:36:52.42;2.94;1.21
;Aur;ψ7 Aur;06:50:45.95;41:46:52.43;4.99;1.26
;Vol;ι Vol;06:51:26.98;-70:57:48.28;5.41;-0.11
Nervia;Aur;;06:51:30.51;40:52:03.92;8.10;0.73
;Gem;θ Gem;06:52:47.34;33:57:40.51;3.60;0.10
;Aur;ψ8 Aur;06:53:57.07;38:30:18.06;6.46;-0.04
;CMa;ο1 CMa;06:54:07.95;-24:11:03.16;3.89;1.74
;CMa;θ CMa;06:54:11.40;-12:02:19.06;4.08;1.42
;CMa;π CMa;06:55:37.43;-20:08:11.39;4.66;0.37
;CMa;μ CMa;06:56:06.64;-14:02:36.35;5.00;1.18
;CMa;ι CMa;06:56:08.22;-17:03:15.27;4.36;-0.06
;Aur;ψ9 Aur;06:56:32.06;46:16:26.39;5.85;-0.08
;Men;θ Men;06:56:34.48;-79:25:12.69;5.45;0.04
Adhara;CMa;ε CMa;06:58:37.55;-28:58:19.50;1.50;-0.21
Citalá;Mon;;07:00:18.04;-5:22:01.78;6.29;0.57
Nganurganity;CMa;σ CMa;07:01:43.15;-27:56:05.39;3.49;1.73
;Gem;ω Gem;07:02:24.78;24:12:55.61;5.20;0.95
;CMa;ο2 CMa;07:03:01.47;-23:49:59.85;3.02;-0.08
Muliphein;CMa;γ CMa;07:03:45.49;-15:37:59.83;4.11;-0.11
Mekbuda;Gem;ζ Gem;07:04:06.53;20:34:13.07;4.01;0.90
Wezen;CMa;δ CMa;07:08:23.49;-26:23:35.52;1.83;0.67
;Vol;γ1 Vol;07:08:42.35;-70:29:49.51;5.68;0.44
;Vol;γ2 Vol;07:08:44.84;-70:29:56.16;3.78;1.01
;Gem;τ Gem;07:11:08.37;30:14:42.59;4.41;1.26
;Mon;δ Mon;07:11:51.86;00:29:33.95;4.15;-0.00
;CMa;ω CMa;07:14:48.66;-26:46:21.60;4.01;-0.15
;Vol;δ Vol;07:16:49.83;-67:57:25.75;3.97;0.76
;Pup;π Pup;07:17:08.56;-37:05:50.89;2.71;1.62
;Gem;λ Gem;07:18:05.58;16:32:25.38;3.58;0.11
;CMa;τ CMa;07:18:42.49;-24:57:15.75;4.37;-0.13
Wasat;Gem;δ Gem;07:20:07.38;21:58:56.35;3.50;0.37
Aludra;CMa;η CMa;07:24:05.70;-29:18:11.17;2.45;-0.08
;Men;ε Men;07:25:38.17;-79:05:39.08;5.54;1.28
;CMi;ε CMi;07:25:38.90;09:16:33.95;4.99;0.99
;Gem;ι Gem;07:25:43.60;27:47:53.09;3.78;1.02
Gomeisa;CMi;β CMi;07:27:09.04;08:17:21.53;2.89;-0.10
Luyten's Star;CMi;;07:27:24.50;05:13:32.83;9.84;1.57
;CMi;η CMi;07:28:02.07;06:56:31.08;5.22;0.22
;CMi;γ CMi;07:28:09.79;08:55:31.91;4.33;1.42
;Gem;ρ Gem;07:29:06.70;31:47:04.38;4.16;0.32
;Pup;σ Pup;07:29:13.84;-43:18:05.16;3.25;1.51
;CMi;δ1 CMi;07:32:05.95;01:54:52.13;5.24;0.23
;CMi;δ2 CMi;07:33:11.67;03:17:25.36;5.59;0.32
;CMi;δ3 CMi;07:34:15.89;03:22:18.21;5.83;-0.02
Castor;Gem;α Gem;07:34:35.88;31:53:17.79;1.58;0.03
;Gem;υ Gem;07:35:55.35;26:53:44.67;4.06;1.54
Jishui;Gem;ο Gem;07:39:09.94;34:35:03.65;4.89;0.41
Procyon;CMi;α CMi;07:39:18.12;05:13:29.97;0.40;0.43
Ceibo;Cha;;07:39:21.90;-78:16:44.30;9.37;1.01
;Mon;α Mon;07:41:14.83;-9:33:04.07;3.94;1.02
;Vol;ζ Vol;07:41:49.21;-72:36:21.95;3.93;1.03
;Gem;σ Gem;07:43:18.72;28:53:00.64;4.23;1.12
;Gem;κ Gem;07:44:26.85;24:23:52.77;3.57;0.93
Pollux;Gem;β Gem;07:45:19.00;28:01:34.32;1.16;0.99
;Gem;π Gem;07:47:30.33;33:24:56.51;5.14;1.63
Tapecue;Car;;07:47:49.66;-54:15:50.92;8.10;0.75
;Pup;ο Pup;07:48:05.17;-25:56:13.81;4.40;-0.07
Azmidi;Pup;ξ Pup;07:49:17.66;-24:51:35.23;3.34;1.22
;CMi;ζ CMi;07:51:41.99;01:46:00.72;5.12;-0.12
;Gem;φ Gem;07:53:29.82;26:45:56.82;4.97;0.10
;Car;χ Car;07:56:46.73;-52:58:56.50;3.46;-0.18
;Cnc;ω1 Cnc;08:00:55.87;25:23:34.21;5.87;1.02
;Cnc;ω2 Cnc;08:01:43.76;25:05:22.07;6.32;0.02
;Gem;χ Gem;08:03:31.08;27:47:39.60;4.94;1.13
Naos;Pup;ζ Pup;08:03:35.05;-40:00:11.33;2.21;-0.27
;Cnc;μ1 Cnc;08:06:18.40;22:38:07.76;5.96;1.65
Tureis;Pup;ρ Pup;08:07:32.65;-24:18:15.57;2.83;0.46
;Cnc;μ2 Cnc;08:07:45.85;21:34:54.54;5.30;0.64
;Vol;ε Vol;08:07:55.82;-68:37:01.42;4.35;-0.11
;Mon;ζ Mon;08:08:35.65;-2:59:01.63;4.36;0.97
;Vel;γ2 Vel;08:09:31.95;-47:20:11.72;1.75;-0.14
;Cnc;ψ Cnc;08:10:27.18;25:30:26.40;5.73;0.82
Tegmine;Cnc;ζ2 Cnc;08:12:12.73;17:38:51.98;4.67;0.53
Tarf;Cnc;β Cnc;08:16:30.92;09:11:07.96;3.53;1.48
Násti;UMa;;08:18:22.09;61:27:38.60;8.20;0.65
;Cha;α Cha;08:18:31.33;-76:55:11.00;4.05;0.41
;Vol;κ1 Vol;08:19:48.99;-71:30:53.66;5.33;-0.06
;Vol;κ2 Vol;08:20:00.55;-71:30:19.36;5.63;-0.10
;Cnc;χ Cnc;08:20:03.86;27:13:03.75;5.13;0.49
Piautos;Cnc;λ Cnc;08:20:32.14;24:01:20.33;5.92;-0.04
;Cha;θ Cha;08:20:38.81;-77:29:04.12;4.34;1.16
;Vol;η Vol;08:22:04.50;-73:23:59.95;5.28;0.01
Avior;Car;ε Car;08:22:30.85;-59:30:34.14;1.86;1.20
Alsciaukat;Lyn;;08:22:50.12;43:11:17.27;4.25;1.55
;Vol;β Vol;08:25:44.22;-66:08:12.80;3.77;1.13
;Cnc;φ1 Cnc;08:26:27.71;27:53:36.90;5.58;1.42
;Cnc;φ2 Cnc;08:26:47.07;26:56:07.76;6.30;0.19
Muscida;UMa;ο UMa;08:30:15.95;60:43:05.41;3.35;0.86
;Cnc;υ1 Cnc;08:31:30.52;24:04:51.98;5.71;0.33
;Cnc;θ Cnc;08:31:35.73;18:05:39.91;5.33;1.57
;Cnc;η Cnc;08:32:42.50;20:26:28.18;5.33;1.25
;Cnc;υ2 Cnc;08:33:00.11;24:05:05.24;6.35;1.03
;Hya;δ Hya;08:37:39.37;05:42:13.62;4.14;0.00
;Pyx;η Pyx;08:37:52.15;-26:15:18.00;5.24;-0.03
Minchir;Hya;σ Hya;08:38:45.44;03:20:29.17;4.45;1.22
;Vol;θ Vol;08:39:05.14;-70:23:12.28;5.19;0.01
;UMa;π1 UMa;08:39:11.73;65:01:15.27;5.63;0.62
Gakyid;Cnc;;08:39:15.80;12:57:37.35;8.23;0.96
;Pyx;ζ Pyx;08:39:42.48;-29:33:39.90;4.86;0.90
;Pyx;β Pyx;08:40:06.14;-35:18:30.07;3.97;0.94
;UMa;π2 UMa;08:40:12.86;64:19:40.57;4.59;1.18
;Vel;ο Vel;08:40:17.59;-52:55:18.79;3.60;-0.17
Meleph;Cnc;ε Cnc;08:40:27.01;19:32:41.31;6.29;0.17
;Cha;η Cha;08:41:19.58;-78:57:48.09;5.46;-0.10
;Hya;η Hya;08:43:13.48;03:23:55.18;4.30;-0.19
Asellus Borealis;Cnc;γ Cnc;08:43:17.15;21:28:06.60;4.66;0.01
;Pyx;α Pyx;08:43:35.54;-33:11:10.99;3.68;-0.18
Asellus Australis;Cnc;δ Cnc;08:44:41.10;18:09:15.51;3.94;1.08
Alsephina;Vel;δ Vel;08:44:42.21;-54:42:31.76;1.93;0.04
;Cnc;ι Cnc;08:46:39.98;28:45:54.21;6.58;0.05
;Cnc;ι Cnc;08:46:41.82;28:45:35.63;4.03;1.01
Ashlesha;Hya;ε Hya;08:46:46.51;06:25:07.71;3.38;0.69
;Hya;ρ Hya;08:48:25.97;05:50:16.12;4.35;-0.04
;Pyx;γ Pyx;08:50:31.93;-27:42:35.44;4.02;1.27
;Cnc;σ1 Cnc;08:52:34.62;32:28:26.97;5.67;0.22
Copernicus;Cnc;ρ1 Cnc;08:52:35.85;28:19:50.95;5.96;0.87
Stribor;Lyn;;08:53:50.82;33:03:24.52;8.03;0.63
;Hya;ζ Hya;08:55:23.63;05:56:44.03;3.11;0.98
;Pyx;δ Pyx;08:55:31.56;-27:40:54.74;4.87;0.14
;Cnc;ρ2 Cnc;08:55:39.68;27:55:38.93;5.23;1.00
;Oct;ζ Oct;08:56:41.82;-85:39:47.35;5.43;0.31
;Cnc;σ2 Cnc;08:56:56.60;32:54:37.55;5.44;0.18
;Cnc;ο1 Cnc;08:57:14.95;15:19:21.94;5.22;0.15
;Cnc;ο2 Cnc;08:57:35.20;15:34:52.61;5.68;0.21
Acubens;Cnc;α Cnc;08:58:29.22;11:51:27.72;4.26;0.14
Talitha;UMa;ι UMa;08:59:12.58;48:02:30.57;3.12;0.22
;Cnc;σ3 Cnc;08:59:32.66;32:25:06.81;5.23;0.91
Ross 687;Hya;;09:00:50.33;05:14:29.56;12.37;1.46
Ross 686;Hya;;09:00:50.42;05:14:31.26;12.68;1.47
;Vol;α Vol;09:02:26.80;-66:23:45.87;4.00;0.14
;UMa;ρ UMa;09:02:32.71;67:37:46.63;4.74;1.54
;Cnc;ν Cnc;09:02:44.26;24:27:10.49;5.45;-0.04
Alkaphrah;UMa;κ UMa;09:03:37.54;47:09:23.49;3.57;0.01
;Hya;ω Hya;09:05:58.37;05:05:32.34;4.99;1.19
;Cnc;κ Cnc;09:07:44.81;10:40:05.49;5.23;-0.09
Suhail;Vel;λ Vel;09:07:59.76;-43:25:57.32;2.23;1.66
;Cnc;τ Cnc;09:08:00.05;29:39:15.25;5.42;0.89
;Pyx;κ Pyx;09:08:02.88;-25:51:30.73;4.62;1.59
;UMa;σ1 UMa;09:08:23.52;66:52:23.65;5.15;1.51
Nahn;Cnc;ξ Cnc;09:09:21.54;22:02:43.61;5.16;0.97
;Pyx;ε Pyx;09:09:56.41;-30:21:55.44;5.59;0.18
;UMa;σ2 UMa;09:10:23.53;67:08:02.46;4.80;0.49
;UMa;τ UMa;09:10:54.99;63:30:49.08;4.67;0.38
;Cnc;π1 Cnc;09:12:17.56;14:59:45.73;6.49;0.73
Miaplacidus;Car;β Car;09:13:12.15;-69:43:01.95;1.67;0.07
;Hya;θ Hya;09:14:21.86;02:18:51.41;3.89;-0.06
;Cnc;π2 Cnc;09:15:13.85;14:56:29.43;5.36;1.32
Aspidiske;Car;ι Car;09:17:05.42;-59:16:30.82;2.21;0.19
;Lyn;α Lyn;09:21:03.33;34:23:33.22;3.14;1.55
;Pyx;θ Pyx;09:21:29.59;-25:57:55.58;4.71;1.63
Markeb;Vel;κ Vel;09:22:06.82;-55:00:38.40;2.47;-0.14
;Pyx;λ Pyx;09:23:12.26;-28:50:01.94;4.71;0.89
;Cha;ι Cha;09:24:09.65;-80:47:12.75;5.34;0.45
;Leo;κ Leo;09:24:39.26;26:10:56.37;4.47;1.22
Alphard;Hya;α Hya;09:27:35.24;-8:39:30.97;1.99;1.44
;Leo;ω Leo;09:28:27.40;09:03:24.40;5.40;0.61
Intercrus;UMa;;09:28:39.99;45:36:05.34;5.40;0.99
;Hya;τ1 Hya;09:29:08.90;-2:46:08.27;4.59;0.41
;Ant;ε Ant;09:29:14.72;-35:57:04.81;4.51;1.41
;Vel;ψ Vel;09:30:42.03;-40:28:00.37;3.60;0.37
;Ant;ζ1 Ant;09:30:46.09;-31:53:21.20;5.75;0.07
;Ant;ζ2 Ant;09:31:32.16;-31:52:18.59;5.91;0.26
Alterf;Leo;λ Leo;09:31:43.23;22:58:04.70;4.32;1.54
;Leo;ξ Leo;09:31:56.74;11:17:59.38;4.99;1.05
;Hya;τ2 Hya;09:31:58.93;-1:11:04.79;4.54;0.11
;UMa;θ UMa;09:32:51.77;51:40:38.28;3.17;0.47
;Cha;ζ Cha;09:33:53.49;-80:56:28.53;5.07;-0.14
Illyrian;LMi;;09:35:45.18;34:46:50.67;7.62;0.86
Kalausi;Vel;;09:37:11.82;-43:16:19.94;8.23;0.81
Ukdah;Hya;ι Hya;09:39:51.36;-1:08:34.12;3.90;1.31
;Hya;κ Hya;09:40:18.36;-14:19:56.25;5.07;-0.15
Subra;Leo;ο Leo;09:41:09.03;09:53:32.31;3.52;0.52
;Leo;ψ Leo;09:43:43.90;14:01:18.09;5.36;1.61
;Ant;θ Ant;09:44:12.10;-27:46:10.10;4.78;0.52
Ras Elased Australis;Leo;ε Leo;09:45:51.08;23:46:27.32;2.97;0.81
;Cha;ν Cha;09:46:20.47;-76:46:34.03;5.43;0.90
;Car;υ Car;09:47:06.13;-65:04:19.23;2.92;0.27
Natasha;Vel;;09:50:02.49;-49:47:24.96;8.54;0.86
;UMa;υ UMa;09:50:59.52;59:02:19.45;3.78;0.29
Zhang;Hya;υ1 Hya;09:51:28.69;-14:50:47.77;4.11;0.92
;UMa;φ UMa;09:52:06.36;54:03:51.60;4.55;0.04
;Sex;γ Sex;09:52:30.44;-8:06:18.11;5.07;0.04
Rasalas;Leo;μ Leo;09:52:45.83;26:00:25.02;3.88;1.22
Felis;Hya;;09:54:52.21;-19:00:33.70;4.94;1.56
Bibhā;Sex;;09:56:05.92;-3:48:30.32;8.73;0.66
;Vel;φ Vel;09:56:51.75;-54:34:04.04;3.52;-0.07
;Leo;ν Leo;09:58:13.38;12:26:41.28;5.26;-0.04
;Ant;η Ant;09:58:52.29;-35:53:27.50;5.23;0.30
;Leo;π Leo;10:00:12.81;08:02:39.20;4.68;1.59
;Cha;μ1 Cha;10:00:43.89;-82:12:52.81;5.53;0.04
;Cha;μ2 Cha;10:04:07.34;-81:33:55.77;6.60;0.92
;Hya;υ2 Hya;10:05:07.47;-13:03:52.65;4.60;-0.09
;Leo;η Leo;10:07:19.95;16:45:45.59;3.48;-0.03
;Sex;α Sex;10:07:56.28;00:22:17.89;4.48;-0.03
Regulus;Leo;α Leo;10:08:22.32;11:58:01.95;1.36;-0.09
;Hya;λ Hya;10:10:35.28;-12:21:14.70;3.61;1.01
;Car;ω Car;10:13:44.26;-70:02:16.45;3.29;-0.07
Adhafera;Leo;ζ Leo;10:16:41.42;23:25:02.32;3.43;0.31
Tania Borealis;UMa;λ UMa;10:17:05.83;42:54:51.71;3.45;0.03
;Sex;ε Sex;10:17:37.80;-8:04:08.09;5.25;0.34
Algieba;Leo;γ1 Leo;10:19:58.34;19:50:29.36;2.01;1.13
Tania Australis;UMa;μ UMa;10:22:19.76;41:29:58.26;3.06;1.60
;Hya;μ Hya;10:26:05.43;-16:50:10.64;3.83;1.46
;Ant;α Ant;10:27:09.11;-31:04:04.00;4.28;1.43
;LMi;β LMi;10:27:53.02;36:42:25.96;4.20;0.91
;Sex;δ Sex;10:29:28.70;-2:44:20.68;5.19;-0.05
;Ant;δ Ant;10:29:35.38;-30:36:25.43;5.57;-0.04
;Sex;β Sex;10:30:17.48;00:38:13.29;5.08;-0.14
;Hya;φ1 Hya;10:32:41.16;-16:57:31.41;7.62;0.62
;Leo;ρ Leo;10:32:48.67;09:18:23.71;3.84;-0.15
;Cha;γ Cha;10:35:28.20;-78:36:28.03;4.11;1.58
;Hya;φ2 Hya;10:36:16.66;-16:20:39.57;6.01;1.64
;Hya;φ3 Hya;10:38:34.95;-16:52:35.66;4.91;0.92
;Car;θ Car;10:42:57.42;-64:23:40.02;2.74;-0.22
Macondo;Ant;;10:44:20.93;-33:34:37.28;8.30;0.94
;Cha;δ1 Cha;10:45:16.37;-80:28:10.55;5.46;0.96
;Cha;δ2 Cha;10:45:47.11;-80:32:24.68;4.45;-0.19
;Vel;μ Vel;10:46:46.16;-49:25:12.92;2.69;0.90
;Hya;ν Hya;10:49:37.48;-16:11:37.13;3.11;1.23
Praecipua;LMi;;10:53:18.69;34:12:53.54;3.79;1.04
;UMa;ω UMa;10:53:58.73;43:11:23.84;4.66;-0.04
Wolf 359;Leo;;10:56:29.34;07:00:55.15;13.45;2.00
;Ant;ι Ant;10:56:43.04;-37:08:15.95;4.60;1.01
;Oct;η Oct;10:59:14.13;-84:35:38.01;6.19;0.10
Chalawan;UMa;;10:59:28.03;40:25:48.93;5.03;0.62
Alkes;Crt;α Crt;10:59:46.48;-18:17:55.62;4.08;1.08
Merak;UMa;β UMa;11:01:50.44;56:22:56.74;2.34;0.03
Lalande 21185;UMa;;11:03:20.28;35:58:11.56;7.49;1.50
Dubhe;UMa;α UMa;11:03:43.76;61:45:03.72;1.81;1.06
Dingolay;Leo;;11:04:44.45;-2:30:47.58;8.21;0.86
;Leo;χ Leo;11:05:01.03;07:20:09.63;4.62;0.33
;Hya;χ1 Hya;11:05:19.92;-27:17:37.00;4.92;0.37
;Hya;χ2 Hya;11:05:57.57;-27:17:16.27;5.69;-0.07
;UMa;ψ UMa;11:09:39.82;44:29:54.55;3.00;1.14
;Crt;β Crt;11:11:39.49;-22:49:33.05;4.46;0.03
;Crt;ψ Crt;11:12:30.37;-18:29:59.50;6.11;-0.00
Zosma;Leo;δ Leo;11:14:06.50;20:31:25.38;2.56;0.13
Chertan;Leo;θ Leo;11:14:14.41;15:25:46.45;3.33;-0.00
;Leo;φ Leo;11:16:39.70;-3:39:05.76;4.45;0.21
Hunahpú;Crt;;11:17:47.56;-23:58:31.49;8.05;0.96
Alula Australis;UMa;ξ UMa;11:18:11.22;31:31:43.62;4.33;0.59
Alula Borealis;UMa;ν UMa;11:18:28.74;33:05:39.50;3.49;1.40
;Crt;δ Crt;11:19:20.45;-14:46:42.75;3.56;1.11
;Cen;π Cen;11:21:00.42;-54:29:27.67;3.90;-0.16
;Leo;σ Leo;11:21:08.19;06:01:45.56;4.05;-0.06
;Crt;λ Crt;11:23:21.89;-18:46:47.90;5.08;0.44
;Leo;ι Leo;11:23:55.45;10:31:46.23;4.00;0.42
Shama;Leo;;11:24:17.36;-1:31:44.67;9.10;0.87
;Crt;ε Crt;11:24:36.59;-10:51:33.56;4.81;1.56
;Crt;γ Crt;11:24:52.93;-17:41:02.44;4.06;0.22
;Crt;κ Crt;11:27:09.52;-12:21:24.30;5.93;0.49
;Leo;τ Leo;11:27:56.24;02:51:22.55;4.95;1.00
Giausar;Dra;λ Dra;11:31:24.27;69:19:51.87;3.82;1.61
;Cen;ο1 Cen;11:31:46.07;-59:26:31.42;5.07;1.03
;Cen;ο2 Cen;11:31:48.80;-59:30:56.33;5.12;0.43
;Hya;ξ Hya;11:33:00.14;-31:51:27.45;3.54;0.95
Formosa;Leo;;11:35:03.76;20:26:29.56;6.45;1.01
;Cen;λ Cen;11:35:46.91;-63:01:11.43;3.11;-0.04
Sagarmatha;Leo;;11:35:51.52;-4:45:20.51;8.42;0.76
;Crt;θ Crt;11:36:40.91;-9:48:08.09;4.70;-0.07
;Leo;υ Leo;11:36:56.93;00:49:25.50;4.30;0.98
;Cha;π Cha;11:37:15.87;-75:53:47.56;5.64;0.36
;Vir;ω Vir;11:38:27.61;08:08:03.47;5.24;1.50
;Crt;ι Crt;11:38:40.02;-13:12:06.99;5.48;0.52
;Hya;ο Hya;11:40:12.80;-34:44:40.78;4.70;-0.07
;Crt;ζ Crt;11:44:45.78;-18:21:02.43;4.71;0.96
Uklun;Cen;;11:44:50.50;-58:42:13.35;7.47;0.72
;Vir;ξ Vir;11:45:17.04;08:15:29.23;4.84;0.17
;Mus;λ Mus;11:45:36.51;-66:43:43.55;3.63;0.16
Flegetonte;Vir;;11:45:42.29;02:49:17.34;8.07;0.83
;Vir;ν Vir;11:45:51.56;06:31:45.75;4.04;1.50
Taiyangshou;UMa;χ UMa;11:46:03.05;47:46:45.86;3.69;1.18
Ross 128;Vir;;11:47:44.40;00:48:16.43;11.12;1.75
;Mus;μ Mus;11:48:14.51;-66:48:53.68;4.75;1.52
Denebola;Leo;β Leo;11:49:03.59;14:34:19.42;2.14;0.09
Zavijava;Vir;β Vir;11:50:41.72;01:45:52.98;3.59;0.52
Aniara;UMa;;11:51:22.52;57:38:26.65;7.86;0.97
;Hya;β Hya;11:52:54.53;-33:54:29.25;4.29;-0.10
Groombridge 1830;UMa;;11:52:58.15;37:43:07.24;6.42;0.75
Phecda;UMa;γ UMa;11:53:49.80;53:41:41.14;2.41;0.04
;Crt;η Crt;11:56:00.96;-17:09:02.98;5.17;-0.02
;Cha;ε Cha;11:59:37.67;-78:13:18.62;4.88;-0.05
;Vir;π Vir;12:00:52.39;06:36:51.56;4.65;0.12
;Cru;θ1 Cru;12:03:01.61;-63:18:46.55;4.32;0.28
;Cru;θ2 Cru;12:04:19.23;-63:09:56.56;4.72;-0.08
;Cha;κ Cha;12:04:46.62;-76:31:08.62;5.04;1.49
;Vir;ο Vir;12:05:12.54;08:43:58.75;4.12;0.97
Tonatiuh;Cam;;12:05:14.82;76:54:20.64;5.78;1.03
;Cru;η Cru;12:06:52.87;-64:36:49.43;4.14;0.35
;Cen;δ Cen;12:08:21.52;-50:43:20.73;2.58;-0.13
Alchiba;Crv;α Crv;12:08:24.81;-24:43:43.95;4.02;0.33
;Crv;ε Crv;12:10:07.49;-22:37:11.16;3.02;1.33
;Cen;ρ Cen;12:11:39.13;-52:22:06.46;3.97;-0.16
Imai;Cru;δ Cru;12:15:08.74;-58:44:56.14;2.79;-0.19
Megrez;UMa;δ UMa;12:15:25.51;57:01:57.42;3.32;0.08
Gienah;Crv;γ Crv;12:15:48.37;-17:32:30.94;2.58;-0.11
;Mus;ε Mus;12:17:34.50;-67:57:38.65;4.06;1.60
;Cha;β Cha;12:18:20.92;-79:18:44.06;4.24;-0.12
;Cru;ζ Cru;12:18:26.27;-64:00:11.06;4.06;-0.17
Zaniah;Vir;η Vir;12:19:54.36;00:40:00.49;3.89;0.03
;Crv;ζ Crv;12:20:33.65;-22:12:57.24;5.20;-0.09
Ginan;Cru;ε Cru;12:21:21.71;-60:24:04.13;3.59;1.39
;Mus;ζ2 Mus;12:22:07.37;-67:31:19.58;5.15;0.19
;Mus;ζ1 Mus;12:22:12.03;-68:18:26.34;5.73;1.04
Tupã;Cru;;12:25:46.41;-64:01:19.52;6.99;0.54
Acrux;Cru;α1 Cru;12:26:35.92;-63:05:56.73;0.77;-0.24
;Com;γ Com;12:26:56.28;28:16:06.32;4.35;1.13
;Cen;σ Cen;12:28:02.39;-50:13:50.29;3.91;-0.19
3C 273;Vir;;12:29:06.69;02:03:08.63;12.88;0.12
Algorab;Crv;δ Crv;12:29:51.86;-16:30:55.56;2.94;-0.01
Gacrux;Cru;γ Cru;12:31:09.94;-57:06:47.56;1.59;1.60
;Crv;η Crv;12:32:04.24;-16:11:45.63;4.30;0.39
Funi;Dra;;12:32:07.46;74:29:22.38;8.75;0.64
;Mus;γ Mus;12:32:28.08;-72:07:58.76;3.84;-0.16
;Dra;κ Dra;12:33:29.01;69:47:17.66;3.85;-0.12
Chara;CVn;β CVn;12:33:44.68;41:21:26.93;4.24;0.59
Kraz;Crv;β Crv;12:34:23.24;-23:23:48.33;2.65;0.89
;Mus;α Mus;12:37:11.06;-69:08:08.03;2.69;-0.18
;Cen;τ Cen;12:37:42.22;-48:32:28.69;3.85;0.05
;Vir;χ Vir;12:39:14.77;-7:59:44.03;4.66;1.24
;Cen;γ Cen;12:41:31.10;-48:57:35.60;2.20;-0.02
Porrima;Vir;γ Vir;12:41:39.64;-1:26:57.75;2.74;0.37
;Vir;ρ Vir;12:41:53.06;10:14:08.25;4.88;0.08
La Superba;CVn;;12:45:07.83;45:26:24.92;5.42;2.99
;Cru;ι Cru;12:45:37.98;-60:58:52.74;4.69;1.05
;Mus;β Mus;12:46:16.85;-68:06:29.23;3.04;-0.18
Tianyi;Dra;;12:47:34.34;66:47:25.09;5.43;1.57
Mimosa;Cru;β Cru;12:47:43.29;-59:41:19.55;1.25;-0.24
;Cru;κ Cru;12:53:48.92;-60:22:34.48;5.89;0.20
Alioth;UMa;ε UMa;12:54:01.70;55:57:35.36;1.76;-0.02
;Vir;ψ Vir;12:54:21.16;-9:32:20.38;4.77;1.59
;Cru;μ1 Cru;12:54:35.64;-57:10:40.53;4.03;-0.18
;Cru;μ2 Cru;12:54:36.90;-57:10:07.21;5.08;-0.09
;Cru;λ Cru;12:54:39.20;-59:08:48.12;4.62;-0.15
;Oct;ι Oct;12:54:58.39;-85:07:24.13;5.45;0.99
Taiyi;Dra;;12:55:28.55;65:26:18.51;5.23;0.30
Minelauva;Vir;δ Vir;12:55:36.21;03:23:50.89;3.39;1.57
;CVn;α1 CVn;12:56:00.48;38:18:53.68;5.61;0.34
Cor Caroli;CVn;α2 CVn;12:56:01.71;38:19:06.17;2.89;-0.12
Vindemiatrix;Vir;ε Vir;13:02:10.60;10:57:32.94;2.85;0.93
;Mus;δ Mus;13:02:15.93;-71:32:55.88;3.61;1.19
;Cen;ξ1 Cen;13:03:33.32;-49:31:38.15;4.83;0.03
;Cen;ξ2 Cen;13:06:54.65;-49:54:22.49;4.27;-0.18
;Mus;θ Mus;13:08:07.16;-65:18:21.68;5.44;-0.03
;Hya;ψ Hya;13:09:03.27;-23:07:05.05;4.94;1.05
;Vir;θ Vir;13:09:56.99;-5:32:20.44;4.38;-0.01
Diadem;Com;α Com;13:09:59.29;17:31:45.95;4.32;0.46
;Com;β Com;13:11:52.45;27:52:41.46;4.23;0.57
;Mus;η Mus;13:15:14.98;-67:53:40.52;4.79;-0.08
;Vir;σ Vir;13:17:36.28;05:28:11.53;4.78;1.64
;Hya;γ Hya;13:18:55.29;-23:10:17.44;2.99;0.92
;Cen;ι Cen;13:20:35.87;-36:42:44.26;2.75;0.07
Mizar;UMa;ζ UMa;13:23:55.49;54:55:31.30;2.23;0.06
;UMa;ζ UMa;13:23:56.39;54:55:13.70;3.95;0.13
;Mus;ι1 Mus;13:25:07.30;-74:53:16.14;5.04;1.11
Spica;Vir;α Vir;13:25:11.58;-11:09:40.76;0.98;-0.23
Alcor;UMa;;13:25:13.49;54:59:16.65;3.99;0.17
;Mus;ι2 Mus;13:27:18.55;-74:41:30.32;6.62;-0.06
Dofida;Cen;;13:32:25.55;-47:16:16.91;7.17;0.60
Liesma;UMa;;13:34:02.57;53:43:42.70;8.05;0.70
Heze;Vir;ζ Vir;13:34:41.59;00:35:44.95;3.38;0.11
;Cen;ε Cen;13:39:53.27;-53:27:59.02;2.29;-0.17
;Oct;κ Oct;13:40:56.13;-85:47:09.75;5.56;0.18
;Boo;τ Boo;13:47:15.76;17:27:24.86;4.50;0.51
Alkaid;UMa;η UMa;13:47:32.47;49:18:47.75;1.85;-0.10
;Boo;υ Boo;13:49:28.64;15:47:52.46;4.05;1.52
;Cen;ν Cen;13:49:30.28;-41:41:15.75;3.41;-0.22
;Cen;μ Cen;13:49:36.99;-42:28:25.44;3.47;-0.17
Muphrid;Boo;η Boo;13:54:41.08;18:23:51.78;2.68;0.58
;Cen;ζ Cen;13:55:32.40;-47:17:18.15;2.55;-0.18
;Cen;φ Cen;13:58:16.27;-42:06:02.71;3.83;-0.22
;Cen;υ1 Cen;13:58:40.75;-44:48:12.90;3.87;-0.21
;Vir;τ Vir;14:01:38.79;01:32:40.32;4.23;0.12
;Cen;υ2 Cen;14:01:43.49;-45:36:12.32;4.34;0.60
Hadar;Cen;β Cen;14:03:49.42;-60:22:22.94;0.61;-0.23
Thuban;Dra;α Dra;14:04:23.39;64:22:33.06;3.67;-0.05
;Aps;θ Aps;14:05:20.05;-76:47:48.31;5.69;1.24
;Cen;χ Cen;14:06:02.77;-41:10:46.68;4.36;-0.20
;Hya;π Hya;14:06:22.29;-26:40:56.50;3.25;1.09
Menkent;Cen;θ Cen;14:06:41.02;-36:22:11.83;2.06;1.01
Kang;Vir;κ Vir;14:12:53.74;-10:16:25.33;4.18;1.32
;Boo;κ1 Boo;14:13:27.79;51:47:16.32;6.62;0.39
;Boo;κ2 Boo;14:13:28.98;51:47:23.87;4.53;0.23
Arcturus;Boo;α Boo;14:15:39.71;19:10:56.68;-0.05;1.24
Syrma;Vir;ι Vir;14:16:00.87;-6:00:01.97;4.07;0.51
;Boo;ι Boo;14:16:09.98;51:22:02.03;4.75;0.24
Xuange;Boo;λ Boo;14:16:23.07;46:05:17.90;4.18;0.09
;Aps;η Aps;14:18:13.96;-81:00:27.94;4.89;0.24
Khambalia;Vir;λ Vir;14:19:06.59;-13:22:15.94;4.52;0.13
;Lup;ι Lup;14:19:24.23;-46:03:29.13;3.55;-0.18
;Vir;υ Vir;14:19:32.48;-2:15:55.86;5.14;1.02
;Cen;ψ Cen;14:20:33.44;-37:53:07.06;4.05;-0.03
;Aps;ε Aps;14:22:23.19;-80:06:32.20;5.06;-0.11
;Boo;θ Boo;14:25:11.88;51:51:02.68;4.04;0.50
;Lup;τ1 Lup;14:26:08.23;-45:13:17.13;4.56;-0.15
;Lup;τ2 Lup;14:26:10.81;-45:22:45.39;4.33;0.43
;Oct;δ Oct;14:26:55.68;-83:40:04.38;4.31;1.30
Elgafar;Vir;φ Vir;14:28:12.14;-2:13:40.65;4.81;0.69
Proxima Centauri;Cen;;14:29:45.55;-62:40:46.15;11.01;1.81
;Boo;ρ Boo;14:31:49.80;30:22:17.17;3.57;1.30
Seginus;Boo;γ Boo;14:32:04.69;38:18:29.71;3.04;0.19
;Lup;σ Lup;14:32:37.06;-50:27:25.77;4.44;-0.18
;Boo;σ Boo;14:34:40.80;29:44:42.47;4.47;0.36
;Cen;η Cen;14:35:30.43;-42:09:28.17;2.33;-0.16
;Lup;ρ Lup;14:37:53.23;-49:25:32.98;4.05;-0.15
Toliman;Cen;α2 Cen;14:39:37.25;-60:50:17.88;1.35;0.90
Rigil Kentaurus;Cen;α1 Cen;14:39:38.75;-60:50:02.31;-0.01;0.71
;Boo;π1 Boo;14:40:43.56;16:25:05.97;4.49;-0.00
;Boo;ζ Boo;14:41:08.95;13:43:41.88;3.78;0.04
;Lup;α Lup;14:41:55.76;-47:23:17.52;2.30;-0.15
;Cir;α Cir;14:42:30.57;-64:58:30.50;3.18;0.26
;Vir;μ Vir;14:43:03.62;-5:39:29.55;3.87;0.38
Izar;Boo;ε Boo;14:44:59.22;27:04:27.20;2.35;0.97
;Boo;ο Boo;14:45:14.46;16:57:51.41;4.60;0.97
Mönch;Vir;;14:47:32.73;00:16:53.31;8.04;0.78
;Aps;α Aps;14:47:51.72;-79:02:41.10;3.83;1.43
Merga;Boo;;14:49:18.67;46:06:58.34;5.76;0.48
;Lib;μ Lib;14:49:19.05;-14:08:56.48;5.32;0.07
;Lib;α1 Lib;14:50:41.18;-15:59:50.05;5.15;0.40
Kochab;UMi;β UMi;14:50:42.38;74:09:19.82;2.07;1.47
Zubenelgenubi;Lib;α2 Lib;14:50:52.72;-16:02:30.40;2.75;0.15
;Boo;ξ Boo;14:51:23.37;19:06:01.66;4.54;0.72
;Lup;ο Lup;14:51:38.31;-43:34:31.29;4.32;-0.15
Arcalís;Boo;;14:53:23.03;18:14:07.44;7.80;1.04
;Lib;ξ1 Lib;14:54:22.87;-11:53:54.05;5.78;0.98
;Cir;ζ Cir;14:54:42.59;-65:59:27.94;6.09;-0.06
;Cir;θ Cir;14:56:43.99;-62:46:51.66;5.08;-0.02
;Lib;ξ2 Lib;14:56:46.11;-11:24:34.92;5.48;1.49
Baekdu;UMi;;14:56:48.33;74:54:03.34;6.83;0.99
;Lup;β Lup;14:58:31.93;-43:08:02.26;2.68;-0.18
;Cen;κ Cen;14:59:09.69;-42:06:15.10;3.13;-0.21
;Lib;δ Lib;15:00:58.35;-8:31:08.19;4.91;0.00
;Oct;π1 Oct;15:01:50.71;-83:13:39.53;5.65;0.96
Nekkar;Boo;β Boo;15:01:56.77;40:23:26.04;3.49;0.96
;Boo;ω Boo;15:02:06.51;25:00:29.30;4.80;1.51
Brachium;Lib;σ Lib;15:04:04.22;-25:16:55.07;3.25;1.67
;Boo;ψ Boo;15:04:26.75;26:56:51.54;4.52;1.24
;Oct;π2 Oct;15:04:46.96;-83:02:17.92;5.65;1.27
;Cir;η Cir;15:04:48.11;-64:01:52.86;5.16;0.94
;Lup;π Lup;15:05:07.09;-47:03:04.48;3.91;-0.14
;Lib;ν Lib;15:06:37.60;-16:15:24.54;5.19;1.59
;Lup;λ Lup;15:08:50.62;-45:16:47.49;4.07;-0.16
;Oct;ω Oct;15:11:08.80;-84:47:16.12;5.88;-0.03
;Lup;κ1 Lup;15:11:56.10;-48:44:16.15;3.88;-0.03
;Lup;κ2 Lup;15:11:57.71;-48:44:37.27;5.70;0.14
;Lib;ι1 Lib;15:12:13.29;-19:47:30.16;4.54;-0.07
;Lup;ζ Lup;15:12:17.14;-52:05:57.29;3.41;0.92
;Lib;ι2 Lib;15:13:19.19;-19:38:51.26;6.07;0.12
;Boo;χ Boo;15:14:29.17;29:09:51.46;5.28;0.06
;Boo;δ Boo;15:15:30.15;33:18:53.40;3.46;0.96
;Cir;δ Cir;15:16:56.90;-60:57:26.12;5.04;-0.08
Zubeneschamali;Lib;β Lib;15:17:00.42;-9:22:58.50;2.61;-0.07
;Cir;β Cir;15:17:30.90;-58:48:04.35;4.07;0.09
;Cir;ε Cir;15:17:38.89;-63:36:37.67;4.85;1.26
;Lup;μ Lup;15:18:32.03;-47:52:30.98;4.27;-0.09
;TrA;γ TrA;15:18:54.65;-68:40:46.36;2.87;0.01
Nikawiy;Boo;;15:19:06.19;41:43:59.55;7.88;0.93
;CrB;ο CrB;15:20:08.57;29:36:58.35;5.51;1.01
Pherkad;UMi;γ UMi;15:20:43.74;71:50:02.46;3.00;0.06
;Lib;ο Lib;15:21:01.38;-15:32:54.03;6.14;0.39
;Lup;δ Lup;15:21:22.32;-40:38:51.06;3.22;-0.23
;Lup;φ1 Lup;15:21:48.38;-36:15:40.95;3.57;1.53
;Lup;ν2 Lup;15:21:48.63;-48:19:03.46;5.65;0.64
;Lup;ν1 Lup;15:22:08.31;-47:55:40.05;4.99;0.51
;Lup;ε Lup;15:22:40.88;-44:41:22.64;3.37;-0.19
;Lup;φ2 Lup;15:23:09.35;-36:51:30.56;4.54;-0.16
;CrB;η CrB;15:23:12.30;30:17:16.12;4.99;0.58
;Cir;γ Cir;15:23:22.65;-59:19:14.83;4.48;0.17
;Lib;ε Lib;15:24:11.89;-10:19:20.16;4.92;0.45
Alkalurops;Boo;μ1 Boo;15:24:29.45;37:22:37.80;4.31;0.31
;Boo;μ2 Boo;15:24:30.89;37:20:50.28;6.51;0.60
;Lup;υ Lup;15:24:45.01;-39:42:36.96;5.36;-0.09
Edasich;Dra;ι Dra;15:24:55.78;58:57:57.83;3.29;1.17
;Ser;τ1 Ser;15:25:47.40;15:25:40.93;5.16;1.65
Nusakan;CrB;β CrB;15:27:49.74;29:06:20.53;3.66;0.32
;Lib;ζ1 Lib;15:28:15.41;-16:42:59.34;5.64;1.54
;Lib;ζ3 Lib;15:30:40.40;-16:36:34.07;5.82;1.06
;Boo;ν1 Boo;15:30:55.76;40:49:58.97;5.04;1.59
;UMi;θ UMi;15:31:25.03;77:20:57.67;5.00;1.54
;Aps;κ1 Aps;15:31:30.82;-73:23:22.53;5.40;-0.15
;Boo;ν2 Boo;15:31:46.98;40:53:57.60;4.98;0.09
;Ser;τ2 Ser;15:32:09.68;16:03:22.21;6.22;-0.04
;Lib;ζ4 Lib;15:32:55.22;-16:51:10.24;5.53;-0.15
;CrB;θ CrB;15:32:55.78;31:21:32.88;4.14;-0.13
Alphecca;CrB;α CrB;15:34:41.26;26:42:52.89;2.22;0.03
;Ser;δ Ser;15:34:48.15;10:32:19.92;3.80;0.27
;Lup;γ Lup;15:35:08.45;-41:10:00.33;2.80;-0.22
;CrB;μ CrB;15:35:14.91;39:00:36.24;5.14;1.65
Zubenelhakrabi;Lib;γ Lib;15:35:31.58;-14:47:22.33;3.91;1.01
;Ser;τ3 Ser;15:35:33.23;17:39:20.00;6.10;0.98
Karaka;Aps;;15:35:40.06;-80:12:16.51;8.71;0.89
;Ser;τ4 Ser;15:36:28.19;15:06:05.13;6.51;1.20
;Ser;τ5 Ser;15:36:29.24;16:07:08.71;5.93;0.35
;TrA;ε TrA;15:36:43.20;-66:19:01.33;4.11;1.16
;Lib;υ Lib;15:37:01.45;-28:08:06.28;3.60;1.36
;Boo;φ Boo;15:37:49.59;40:21:12.36;5.25;0.89
;Lup;ω Lup;15:38:03.24;-42:34:02.45;4.34;1.41
;Lib;τ Lib;15:38:39.37;-29:46:39.91;3.66;-0.18
;CrB;ζ1 CrB;15:39:22.68;36:38:08.92;4.64;-0.10
;Lup;ψ1 Lup;15:39:45.98;-34:24:42.93;4.66;0.96
;Aps;κ2 Aps;15:40:21.35;-73:26:48.07;5.64;-0.04
;Ser;τ6 Ser;15:40:59.10;16:01:28.52;6.00;0.91
;Ser;ι Ser;15:41:33.06;19:40:13.44;4.51;0.06
;Ser;χ Ser;15:41:47.41;12:50:51.10;5.34;0.03
;Ser;τ7 Ser;15:41:54.72;18:27:50.53;5.80;0.21
;Lib;κ Lib;15:41:56.80;-19:40:43.78;4.75;1.57
;Lup;ψ2 Lup;15:42:41.02;-34:42:37.47;4.75;-0.15
;CrB;γ CrB;15:42:44.57;26:17:44.29;3.81;0.02
;Oct;ρ Oct;15:43:16.18;-84:27:54.98;5.57;0.12
;CrB;π CrB;15:43:59.30;32:30:56.91;5.57;1.08
;Ser;ψ Ser;15:44:01.82;02:30:54.62;5.86;0.68
;UMi;ζ UMi;15:44:03.48;77:47:40.17;4.29;0.04
;Lib;η Lib;15:44:04.40;-15:40:22.20;5.41;0.24
Unukalhai;Ser;α Ser;15:44:16.07;06:25:32.26;2.63;1.17
;Ser;τ8 Ser;15:44:42.13;17:15:51.21;6.15;0.00
;Ser;β Ser;15:46:11.25;15:25:18.57;3.65;0.07
;Ser;λ Ser;15:46:26.62;07:21:11.06;4.42;0.60
;Ser;υ Ser;15:47:17.32;14:06:55.25;5.71;0.09
Gudja;Ser;κ Ser;15:48:44.38;18:08:29.63;4.09;1.62
;CrB;δ CrB;15:49:35.65;26:04:06.22;4.59;0.79
;Ser;μ Ser;15:49:37.21;-3:25:48.75;3.54;-0.04
;Ser;ω Ser;15:50:17.55;02:11:47.43;5.21;1.02
;Ser;ε Ser;15:50:48.97;04:28:39.83;3.71;0.15
;Lup;χ Lup;15:50:57.54;-33:37:37.79;3.97;-0.05
;CrB;κ CrB;15:51:13.93;35:39:26.58;4.79;1.00
;Ser;ρ Ser;15:51:15.91;20:58:40.51;4.74;1.53
;Her;χ Her;15:52:40.45;42:27:05.46;4.60;0.56
;Lib;λ Lib;15:53:20.06;-20:10:01.34;5.04;-0.01
;Lib;θ Lib;15:53:49.53;-16:43:45.45;4.13;1.00
;TrA;β TrA;15:55:08.70;-63:25:50.62;2.83;0.31
;TrA;κ TrA;15:55:29.61;-68:36:10.80;5.11;1.11
;CrB;λ CrB;15:55:47.58;37:56:49.05;5.43;0.35
;Ser;γ Ser;15:56:27.18;15:39:41.82;3.85;0.48
Iklil;Sco;ρ Sco;15:56:53.08;-29:12:50.66;3.87;-0.20
;Lup;ξ1 Lup;15:56:53.49;-33:57:58.08;5.14;0.13
;Lup;ξ2 Lup;15:56:54.12;-33:57:51.41;5.59;0.07
;Ser;φ Ser;15:57:14.57;14:24:52.13;5.54;1.14
;CrB;ε CrB;15:57:35.26;26:52:40.37;4.14;1.23
Fang;Sco;π Sco;15:58:51.11;-26:06:50.78;2.89;-0.18
;Lup;η Lup;16:00:07.33;-38:23:48.14;3.42;-0.21
Dschubba;Sco;δ Sco;16:00:20.01;-22:37:18.16;2.29;-0.12
;CrB;ρ CrB;16:01:02.68;33:18:12.63;5.39;0.61
;CrB;ι CrB;16:01:26.57;29:51:03.82;4.98;-0.05
;Dra;θ Dra;16:01:53.52;58:33:54.90;4.01;0.53
;Ser;π Ser;16:02:17.69;22:48:16.03;4.82;0.07
;Her;υ Her;16:02:47.88;46:02:12.14;4.72;-0.09
;Nor;η Nor;16:03:12.88;-49:13:46.90;4.65;0.90
;Nor;ι1 Nor;16:03:32.15;-57:46:30.23;4.63;0.25
Graffias;Sco;ξ Sco;16:04:21.99;-11:22:28.60;4.84;0.45
Acrab;Sco;β1 Sco;16:05:26.23;-19:48:19.63;2.56;-0.06
;Sco;β2 Sco;16:05:26.56;-19:48:06.70;4.90;-0.02
;Nor;δ Nor;16:06:29.43;-45:10:23.47;4.73;0.23
;Lup;θ Lup;16:06:35.55;-36:48:08.24;4.22;-0.18
;Sco;ω1 Sco;16:06:48.43;-20:40:09.09;3.93;-0.05
;Sco;ω2 Sco;16:07:24.33;-20:52:07.55;4.31;0.83
Marsic;Her;κ Her;16:08:04.53;17:02:49.13;5.00;0.93
;Her;κ Her;16:08:04.96;17:03:15.78;6.25;1.14
;Her;φ Her;16:08:46.18;44:56:05.66;4.23;-0.05
;CrB;τ CrB;16:08:58.30;36:29:27.40;4.73;1.01
;Nor;ι2 Nor;16:09:18.55;-57:56:03.54;5.57;-0.02
Kamuy;CrB;;16:10:03.91;26:44:33.90;6.57;1.04
Jabbah;Sco;ν Sco;16:11:59.73;-19:27:38.55;4.00;0.08
;Sco;ψ Sco;16:11:59.99;-10:03:51.31;4.93;0.09
Sharjah;Sco;;16:12:41.77;-18:52:31.81;11.34;1.49
;Nor;ζ Nor;16:13:22.74;-55:32:27.41;5.78;0.37
;Nor;κ Nor;16:13:28.73;-54:37:49.68;4.95;1.02
;Sco;χ Sco;16:13:50.91;-11:50:15.89;5.24;1.39
Yed Prior;Oph;δ Oph;16:14:20.74;-3:41:39.56;2.73;1.58
;CrB;σ CrB;16:14:40.88;33:51:31.01;5.23;0.60
;Nor;θ Nor;16:15:15.33;-47:22:19.28;5.13;-0.11
;TrA;δ TrA;16:15:26.27;-63:41:08.46;3.86;1.11
;CrB;υ CrB;16:16:44.79;29:09:00.94;5.80;0.06
;Nor;γ1 Nor;16:17:00.93;-50:04:05.24;4.97;0.79
;UMi;η UMi;16:17:30.45;75:45:19.19;4.95;0.39
Yed Posterior;Oph;ε Oph;16:18:19.29;-4:41:33.04;3.23;0.97
;Nor;λ Nor;16:19:17.64;-42:40:26.27;5.44;0.10
;Her;τ Her;16:19:44.44;46:18:48.12;3.91;-0.15
;Nor;γ2 Nor;16:19:50.47;-50:09:19.83;4.01;1.08
;Aps;δ1 Aps;16:20:20.83;-78:41:44.68;4.68;1.68
;Aps;δ2 Aps;16:20:26.86;-78:40:02.99;5.27;1.41
Hunor;Her;;16:20:36.36;41:02:53.10;8.72;0.46
;Sco;ο Sco;16:20:38.18;-24:10:09.55;4.55;0.76
Alniyat;Sco;σ Sco;16:21:11.31;-25:35:34.07;2.90;0.30
;Her;γ Her;16:21:55.22;19:09:11.27;3.74;0.30
;Ser;σ Ser;16:22:04.35;01:01:44.54;4.82;0.34
;CrB;ξ CrB;16:22:05.83;30:53:31.19;4.86;0.97
;CrB;ν1 CrB;16:22:21.42;33:47:56.59;5.20;1.63
;CrB;ν2 CrB;16:22:29.22;33:42:12.52;5.40;1.52
Athebyne;Dra;η Dra;16:23:59.50;61:30:51.17;2.73;0.91
;Oph;ψ Oph;16:24:06.18;-20:02:14.38;4.48;1.00
Cujam;Her;ω Her;16:25:24.95;14:01:59.77;4.57;0.00
;Oph;ρ Oph;16:25:35.12;-23:26:49.84;4.57;0.23
;Oph;χ Oph;16:27:01.44;-18:27:22.50;4.22;0.22
;Nor;ε Nor;16:27:11.04;-47:33:17.23;4.46;-0.07
;Oph;υ Oph;16:27:48.19;-8:22:18.23;4.62;0.19
;TrA;ι TrA;16:27:57.30;-64:03:28.59;5.28;0.38
;TrA;ζ TrA;16:28:27.92;-70:05:03.84;4.90;0.56
Timir;Oph;;16:28:28.15;-13:23:58.70;6.89;0.95
Antares;Sco;α Sco;16:29:24.46;-26:25:55.21;1.06;1.87
Kornephoros;Her;β Her;16:30:13.20;21:29:22.61;2.78;0.95
Wolf 1061;Oph;;16:30:18.06;-12:39:45.34;10.10;1.60
Ogma;Her;;16:30:29.63;38:20:50.32;8.15;0.61
Marfik;Oph;λ Oph;16:30:54.82;01:59:02.12;3.82;0.02
;Oph;φ Oph;16:31:08.37;-16:36:45.84;4.29;0.92
;Oph;ω Oph;16:32:08.20;-21:27:59.00;4.45;0.13
Rosalíadecastro;Oph;;16:32:51.05;02:05:05.40;7.89;0.68
;Aps;γ Aps;16:33:27.39;-78:53:49.73;3.86;0.92
;Nor;μ Nor;16:34:05.02;-44:02:43.13;4.86;0.05
;Her;σ Her;16:34:06.18;42:26:13.35;4.20;-0.01
;TrA;θ TrA;16:35:44.79;-65:29:43.44;5.50;0.95
Paikauhale;Sco;τ Sco;16:35:52.95;-28:12:57.66;2.82;-0.21
;Oph;ζ Oph;16:37:09.54;-10:34:01.52;2.54;0.04
;Her;ζ Her;16:41:17.21;31:36:09.81;2.81;0.65
;TrA;η1 TrA;16:41:23.12;-68:17:46.04;5.89;-0.08
;Her;η Her;16:42:53.76;38:55:20.11;3.48;0.92
;Aps;β Aps;16:43:05.25;-77:31:02.77;4.23;1.06
;UMi;ε UMi;16:45:58.17;82:02:14.14;4.21;0.90
Atria;TrA;α TrA;16:48:39.88;-69:01:39.77;1.91;1.45
;Ara;η Ara;16:49:47.14;-59:02:28.96;3.77;1.56
Larawag;Sco;ε Sco;16:50:09.89;-34:17:35.64;2.29;1.14
Xamidimura;Sco;μ1 Sco;16:51:52.23;-38:02:50.57;3.00;-0.20
Pipirima;Sco;μ2 Sco;16:52:20.15;-38:01:03.13;3.56;-0.21
Mahsati;Oph;;16:53:43.58;11:58:25.49;8.38;0.90
;Sco;ζ1 Sco;16:53:59.73;-42:21:43.29;4.70;0.44
;Oph;ι Oph;16:54:00.47;10:09:55.29;4.39;-0.09
;Sco;ζ2 Sco;16:54:35.03;-42:21:40.73;3.62;1.39
;Oph;κ Oph;16:57:40.10;09:22:30.12;3.19;1.16
;Ara;ζ Ara;16:58:37.22;-55:59:24.51;3.12;1.55
;Ara;ε1 Ara;16:59:35.05;-53:09:37.58;4.06;1.45
;Her;ε Her;17:00:17.38;30:55:35.06;3.92;-0.02
;Ara;ε2 Ara;17:03:08.71;-53:14:13.30;5.27;0.50
Rapeto;Sco;;17:04:30.85;-43:18:35.17;7.39;0.56
Alrakis;Dra;μ Dra;17:05:19.37;54:28:08.73;5.63;0.47
;Dra;μ Dra;17:05:20.14;54:28:12.15;4.91;0.47
Aldhibah;Dra;ζ Dra;17:08:47.21;65:42:52.86;3.17;-0.12
Sabik;Oph;η Oph;17:10:22.68;-15:43:29.68;2.43;0.06
;Sco;η Sco;17:12:09.19;-43:14:21.08;3.32;0.44
Rasalgethi;Her;α1 Her;17:14:38.86;14:23:25.20;2.78;1.16
Sarin;Her;δ Her;17:15:01.91;24:50:21.13;3.12;0.08
;Her;π Her;17:15:02.84;36:48:32.98;3.16;1.44
Guniibuu;Oph;;17:15:21.01;-26:36:10.18;4.33;0.86
;UMi;λ UMi;17:16:57.25;89:02:15.75;6.31;1.58
;Oph;ο Oph;17:18:00.61;-24:17:02.80;6.59;0.51
;Oph;ο Oph;17:18:00.68;-24:17:12.84;5.14;1.05
Inquill;Ara;;17:19:51.41;-48:32:57.55;6.67;0.61
;Ser;ν Ser;17:20:49.66;-12:50:48.75;4.32;0.04
;Oph;ξ Oph;17:21:00.36;-21:06:46.56;4.39;0.39
;Aps;ζ Aps;17:21:59.51;-67:46:14.40;4.76;1.19
;Oph;θ Oph;17:22:00.58;-24:59:58.36;3.27;-0.19
;Aps;ι Aps;17:22:05.88;-70:07:23.55;5.39;-0.04
;Ara;ι Ara;17:23:16.08;-47:28:05.51;5.21;-0.10
;Her;ρ Her;17:23:40.95;37:08:45.41;4.15;-0.01
;Ara;β Ara;17:25:17.99;-55:31:47.58;2.84;1.48
;Ara;γ Ara;17:25:23.66;-56:22:39.82;3.31;-0.15
;Ara;κ Ara;17:26:00.04;-50:38:00.64;5.19;1.05
;Oph;σ Oph;17:26:30.88;04:08:25.30;4.34;1.48
Rastaban;Dra;β Dra;17:30:25.97;52:18:04.99;2.79;0.95
Maasym;Her;λ Her;17:30:44.31;26:06:38.32;4.41;1.43
Lesath;Sco;υ Sco;17:30:45.84;-37:17:44.92;2.70;-0.18
;Ara;δ Ara;17:31:05.94;-60:41:01.85;3.60;-0.10
;Ara;α Ara;17:31:50.50;-49:52:34.12;2.84;-0.14
;Dra;ν1 Dra;17:32:10.50;55:11:03.27;4.89;0.25
Yildun;UMi;δ UMi;17:32:12.90;86:35:11.26;4.35;0.02
;Dra;ν2 Dra;17:32:15.96;55:10:22.65;4.86;0.28
Shaula;Sco;λ Sco;17:33:36.52;-37:06:13.76;1.62;-0.23
Rasalhague;Oph;α Oph;17:34:56.07;12:33:36.13;2.08;0.16
;Ara;σ Ara;17:35:39.60;-46:30:20.46;4.56;-0.02
;Dra;ω Dra;17:36:57.09;68:45:28.69;4.77;0.43
Sargas;Sco;θ Sco;17:37:19.13;-42:59:52.17;1.86;0.41
;Ser;ξ Ser;17:37:35.20;-15:23:54.81;3.54;0.26
;Oph;μ Oph;17:37:50.71;-8:07:07.58;4.58;0.13
;Ara;π Ara;17:38:05.54;-54:30:01.56;5.25;0.19
;Her;ι Her;17:39:27.89;46:00:22.80;3.82;-0.18
;Ara;λ Ara;17:40:23.79;-49:24:56.11;4.76;0.41
;Ser;ο Ser;17:41:24.87;-12:52:31.11;4.24;0.09
Dziban;Dra;ψ1 Dra;17:41:56.32;72:08:55.83;4.57;0.43
;Dra;ψ1 Dra;17:41:58.06;72:09:24.88;5.81;0.53
;Sco;κ Sco;17:42:29.28;-39:01:47.94;2.39;-0.17
Cebalrai;Oph;β Oph;17:43:28.35;04:34:02.29;2.76;1.17
Alruba;Dra;;17:43:59.17;53:48:06.17;5.75;0.02
Cervantes;Ara;μ Ara;17:44:08.71;-51:50:02.59;5.12;0.69
;Pav;η Pav;17:45:44.00;-64:43:25.94;3.61;1.16
;Her;μ Her;17:46:27.55;27:43:14.43;3.42;0.75
;Sco;ι1 Sco;17:47:35.08;-40:07:37.19;2.99;0.51
;Oph;γ Oph;17:47:53.56;02:42:26.19;3.75;0.04
Fuyue;Sco;;17:49:51.47;-37:02:35.89;3.19;1.19
;Sco;ι2 Sco;17:50:11.11;-40:05:25.57;4.78;0.26
Grumium;Dra;ξ Dra;17:53:31.68;56:52:21.51;3.73;1.18
;Dra;ψ2 Dra;17:55:11.14;72:00:18.46;5.43;0.34
;Her;θ Her;17:56:15.18;37:15:01.94;3.86;1.35
Eltanin;Dra;γ Dra;17:56:36.37;51:29:20.02;2.24;1.52
;Her;ξ Her;17:57:45.88;29:14:52.37;3.70;0.94
Barnard's Star;Oph;;17:57:48.50;04:41:36.20;9.54;1.57
;Her;ν Her;17:58:30.15;30:11:21.40;4.41;0.38
;Oph;ν Oph;17:59:01.59;-9:46:25.08;3.32;0.99
;Ser;ζ Ser;18:00:29.01;-3:41:24.97;4.62;0.39
;Oph;τ Oph;18:03:04.33;-8:10:54.15;5.24;0.38
;Oph;τ Oph;18:03:04.92;-8:10:49.26;4.77;0.41
Pincoya;Sgr;;18:03:06.94;-28:33:38.31;9.62;1.40
;Sgr;γ1 Sgr;18:05:01.23;-29:34:48.31;4.66;0.77
Alnasl;Sgr;γ2 Sgr;18:05:48.49;-30:25:26.73;2.98;0.98
;Ara;θ Ara;18:06:37.87;-50:05:29.32;3.65;-0.10
;Her;ο Her;18:07:32.55;28:45:44.96;3.84;-0.02
;Pav;π Pav;18:08:34.80;-63:40:06.79;4.33;0.23
;Pav;ι Pav;18:10:26.21;-62:00:07.91;5.47;0.59
;Tel;ε Tel;18:11:13.77;-45:57:15.90;4.52;1.01
Polis;Sgr;μ Sgr;18:13:45.81;-21:03:31.80;3.84;0.19
;Sgr;η Sgr;18:17:37.65;-36:45:42.07;3.10;1.58
;Lyr;κ Lyr;18:19:51.71;36:03:52.37;4.33;1.16
;Dra;φ Dra;18:20:45.44;71:20:16.13;4.22;-0.09
Kaus Media;Sgr;δ Sgr;18:20:59.64;-29:49:41.17;2.72;1.38
;Dra;χ Dra;18:21:02.65;72:43:58.23;3.55;0.49
;Ser;η Ser;18:21:18.60;-2:53:55.77;3.23;0.94
Alasia;Ser;;18:21:49.78;-11:55:21.66;7.95;0.71
;Pav;ξ Pav;18:23:13.62;-61:29:38.04;4.35;1.46
;Oct;φ Oct;18:23:36.44;-75:02:39.40;5.47;0.04
;Sct;ζ Sct;18:23:39.58;-8:56:03.78;4.66;0.93
Kaus Australis;Sgr;ε Sgr;18:24:10.32;-34:23:04.62;1.79;-0.03
;Lyr;μ Lyr;18:24:13.79;39:30:26.06;5.11;0.05
Fafnir;Dra;;18:25:59.05;65:33:48.53;4.82;1.18
;Tel;α Tel;18:26:58.42;-45:58:06.45;3.49;-0.18
Kaus Borealis;Sgr;λ Sgr;18:27:58.24;-25:25:18.12;2.82;1.02
;Tel;ζ Tel;18:28:49.82;-49:04:14.12;4.10;1.00
;Sct;γ Sct;18:29:11.85;-14:33:56.93;4.67;0.08
;Pav;ν Pav;18:31:22.43;-62:16:41.89;4.63;-0.12
;Tel;δ1 Tel;18:31:45.43;-45:54:53.33;4.92;-0.10
;Tel;δ2 Tel;18:32:01.95;-45:45:26.58;5.07;-0.13
;CrA;κ2 CrA;18:33:23.09;-38:43:12.12;6.31;0.02
;CrA;κ1 CrA;18:33:23.13;-38:43:33.55;5.67;-0.06
;CrA;θ CrA;18:33:30.18;-42:18:45.04;4.62;0.99
;Sct;α Sct;18:35:12.43;-8:14:38.66;3.85;1.32
Vega;Lyr;α Lyr;18:36:56.30;38:47:01.29;0.03;-0.00
;Sct;δ Sct;18:42:16.43;-9:03:09.18;4.70;0.36
Struve 2398 A;Dra;;18:42:47.44;59:37:49.43;8.94;1.50
Struve 2398 B;Dra;;18:42:47.70;59:37:36.65;9.70;1.56
;Pav;ζ Pav;18:43:02.14;-71:25:41.21;4.01;1.13
;Sct;ε Sct;18:43:31.25;-8:16:30.77;4.88;1.11
Xihe;Lyr;;18:43:36.11;36:33:23.78;6.04;1.04
;CrA;λ CrA;18:43:46.94;-38:19:24.39;5.11;0.08
;Lyr;ε1 Lyr;18:44:20.34;39:40:12.44;4.67;0.17
;Lyr;ε2 Lyr;18:44:22.78;39:36:45.80;4.59;0.18
;Lyr;ζ1 Lyr;18:44:46.35;37:36:18.41;4.34;0.19
;Lyr;ζ2 Lyr;18:44:48.20;37:35:40.61;5.73;0.28
;Sgr;φ Sgr;18:45:39.38;-26:59:26.80;3.17;-0.11
;Sct;β Sct;18:47:10.47;-4:44:52.32;4.22;1.09
;CrA;μ CrA;18:47:44.61;-40:24:22.20;5.20;0.78
;Pav;θ Pav;18:48:37.94;-65:04:39.64;5.71;0.27
;CrA;η1 CrA;18:48:50.49;-43:40:48.17;5.46;0.13
;CrA;η2 CrA;18:49:35.00;-43:26:02.77;5.60;-0.08
;Lyr;ν1 Lyr;18:49:45.91;32:48:46.15;5.93;-0.15
Ross 154;Sgr;;18:49:49.33;-23:50:10.44;10.37;1.51
;Lyr;ν2 Lyr;18:49:52.92;32:33:03.81;5.22;0.10
Sheliak;Lyr;β Lyr;18:50:04.79;33:21:45.60;3.52;0.00
;Dra;ο Dra;18:51:12.05;59:23:18.06;4.63;1.18
;Pav;λ Pav;18:52:13.04;-62:11:15.33;4.22;-0.15
;Tel;κ Tel;18:52:39.63;-52:06:26.53;5.18;0.96
;Lyr;δ1 Lyr;18:53:43.56;36:58:18.20;5.58;-0.14
Ainalrami;Sgr;ν1 Sgr;18:54:10.18;-22:44:41.40;4.86;1.41
;Dra;υ Dra;18:54:23.80;71:17:49.89;4.82;1.15
;Lyr;δ2 Lyr;18:54:30.28;36:53:55.01;4.22;1.58
;Oct;χ Oct;18:54:47.63;-87:36:21.03;5.29;1.30
;Sgr;ν2 Sgr;18:55:07.14;-22:40:16.78;5.00;1.35
Nunki;Sgr;σ Sgr;18:55:15.92;-26:17:48.20;2.05;-0.13
Kaveh;Ser;;18:55:40.88;04:15:55.17;8.02;0.87
Alya;Ser;θ1 Ser;18:56:13.18;04:12:12.94;4.62;0.16
;Ser;θ2 Ser;18:56:14.64;04:12:07.68;4.98;0.20
;Pav;κ Pav;18:56:57.04;-67:14:00.58;4.40;0.53
;Sct;η Sct;18:57:03.67;-5:50:46.73;4.83;1.06
;Sgr;ξ1 Sgr;18:57:20.48;-20:39:22.85;5.02;0.14
;Sgr;ξ2 Sgr;18:57:43.80;-21:06:23.95;3.52;1.15
;Tel;λ Tel;18:58:27.76;-52:56:19.06;4.85;-0.05
;Pav;ω Pav;18:58:36.52;-60:12:01.98;5.14;1.36
;CrA;ε CrA;18:58:43.40;-37:06:26.49;4.83;0.40
Sulafat;Lyr;γ Lyr;18:58:56.62;32:41:22.41;3.25;-0.05
;Aql;ε Aql;18:59:37.36;15:04:05.87;4.02;1.08
;Lyr;λ Lyr;19:00:00.82;32:08:43.85;4.94;1.47
Ascella;Sgr;ζ Sgr;19:02:36.72;-29:52:48.38;2.60;0.06
;CrA;ζ CrA;19:03:06.87;-42:05:42.38;4.74;-0.03
;Sgr;ο Sgr;19:04:40.98;-21:44:29.39;3.76;1.01
Okab;Aql;ζ Aql;19:05:24.61;13:51:48.52;2.99;0.01
;Aql;λ Aql;19:06:14.94;-4:52:57.19;3.43;-0.10
;Tel;ρ Tel;19:06:19.94;-52:20:27.28;5.17;0.53
;CrA;γ CrA;19:06:25.10;-37:03:48.37;4.23;0.52
;Sgr;τ Sgr;19:06:56.41;-27:40:13.52;3.32;1.17
;Lyr;ι Lyr;19:07:18.13;36:06:00.57;5.25;-0.11
;CrA;δ CrA;19:08:20.96;-40:29:48.13;4.57;1.07
Meridiana;CrA;α CrA;19:09:28.33;-37:54:16.11;4.11;0.04
Albaldah;Sgr;π Sgr;19:09:45.83;-21:01:25.01;2.88;0.38
;CrA;β CrA;19:10:01.75;-39:20:26.87;4.10;1.16
Altais;Dra;δ Dra;19:12:33.21;67:39:41.55;3.07;0.99
Aladfar;Lyr;η Lyr;19:13:45.49;39:08:45.48;4.43;-0.15
;Sgr;ψ Sgr;19:15:32.43;-25:15:24.06;4.86;0.57
Gumala;Sgr;;19:15:33.22;-24:10:45.67;6.25;0.55
;Dra;τ Dra;19:15:33.22;73:21:19.68;4.45;1.26
;Lyr;θ Lyr;19:16:22.09;38:08:01.43;4.35;1.26
;Pav;τ Pav;19:16:28.60;-69:11:26.97;6.25;0.19
;Cyg;κ Cyg;19:17:06.14;53:22:06.45;3.80;0.95
;Aql;ω1 Aql;19:17:49.00;11:35:43.52;5.28;0.20
;Aql;ω2 Aql;19:19:53.07;11:32:05.87;6.03;0.09
;Dra;π Dra;19:20:40.08;65:42:52.31;4.60;0.03
Belel;Sgr;;19:21:04.23;-23:37:10.46;7.55;1.02
;Sgr;ρ1 Sgr;19:21:40.36;-17:50:49.91;3.92;0.23
;Sgr;υ Sgr;19:21:43.62;-15:57:18.06;4.52;0.08
;Sgr;ρ2 Sgr;19:21:50.89;-18:18:30.20;5.84;1.06
Arkab Prior;Sgr;β1 Sgr;19:22:38.29;-44:27:32.27;3.96;-0.09
;Tel;η Tel;19:22:51.20;-54:25:26.15;5.03;0.02
Sika;Sgr;;19:22:52.98;-32:55:08.59;7.84;0.60
Arkab Posterior;Sgr;β2 Sgr;19:23:13.11;-44:47:59.20;4.27;0.35
Rukbat;Sgr;α Sgr;19:23:53.17;-40:36:57.38;3.96;-0.10
;Sgr;χ1 Sgr;19:25:16.49;-24:30:30.87;5.02;0.23
;Sgr;χ2 Sgr;19:25:22.34;-24:24:43.57;7.27;-0.00
;Sgr;χ3 Sgr;19:25:29.66;-23:57:44.85;5.45;1.44
;Aql;δ Aql;19:25:29.90;03:06:53.19;3.36;0.32
;Aql;ν Aql;19:26:31.09;00:20:18.85;4.64;0.58
;Cyg;ι1 Cyg;19:27:25.96;52:19:13.57;5.73;-0.00
Anser;Vul;α Vul;19:28:42.34;24:39:53.66;4.44;1.50
;Cyg;ι2 Cyg;19:29:42.35;51:43:47.20;3.76;0.15
;Tel;μ Tel;19:30:34.60;-55:06:36.19;6.29;0.45
Albireo;Cyg;β1 Cyg;19:30:43.28;27:57:34.85;3.05;1.09
;Cyg;β2 Cyg;19:30:45.40;27:57:54.99;5.12;-0.09
Uruk;Sge;;19:32:04.16;16:28:27.44;8.97;0.54
Alsafi;Dra;σ Dra;19:32:20.94;69:39:40.23;4.67;0.79
;Aql;μ Aql;19:34:05.35;07:22:44.19;4.45;1.18
Campbell's Hydrogen Star;Cyg;;19:34:45.23;30:30:58.94;10.00;-0.01
;Tel;ι Tel;19:35:12.99;-48:05:57.13;4.88;1.10
;Cyg;θ Cyg;19:36:26.54;50:13:15.97;4.49;0.40
;Aql;ι Aql;19:36:43.28;-1:17:11.76;4.36;-0.08
;Aql;κ Aql;19:36:53.45;-7:01:38.92;4.93;-0.05
;Sge;ε Sge;19:37:17.39;16:27:46.09;5.67;1.01
;Aql;σ Aql;19:39:11.64;05:23:51.98;5.18;-0.00
;Cyg;φ Cyg;19:39:22.60;30:09:11.96;4.68;0.97
Sham;Sge;α Sge;19:40:05.79;18:00:50.00;4.39;0.78
;Sge;β Sge;19:41:02.94;17:28:33.75;4.39;1.04
;Aql;χ Aql;19:42:34.01;11:49:35.70;5.28;0.57
;Aql;ψ Aql;19:44:34.19;13:18:10.02;6.25;-0.04
Fawaris;Cyg;δ Cyg;19:44:58.47;45:07:50.92;2.86;-0.00
;Aql;υ Aql;19:45:39.95;07:36:47.37;5.89;0.18
Tarazed;Aql;γ Aql;19:46:15.58;10:36:47.74;2.72;1.51
;Sge;δ Sge;19:47:23.26;18:32:03.43;3.68;1.31
;Tel;ν Tel;19:48:01.16;-56:21:45.40;5.33;0.20
;Dra;ε Dra;19:48:10.26;70:16:04.55;3.84;0.89
;Aql;π Aql;19:48:42.06;11:48:57.23;5.75;0.55
;Sge;ζ Sge;19:48:58.66;19:08:31.35;5.01;0.09
;Cyg;χ Cyg;19:50:33.93;32:54:50.61;7.91;2.10
Altair;Aql;α Aql;19:50:47.00;08:52:05.96;0.76;0.22
;Aql;ο Aql;19:51:01.64;10:24:56.62;5.12;0.56
;Aql;η Aql;19:52:28.37;01:00:20.38;3.87;0.63
Libertas;Aql;ξ Aql;19:54:14.88;08:27:41.23;4.71;1.02
;Sgr;ι Sgr;19:55:15.69;-41:52:05.84;4.12;1.06
Alshain;Aql;β Aql;19:55:18.79;06:24:24.35;3.71;0.86
;Cyg;ψ Cyg;19:55:37.80;52:26:20.21;4.91;0.12
Terebellum;Sgr;ω Sgr;19:55:50.34;-26:17:58.22;4.70;0.75
;Aql;φ Aql;19:56:14.25;11:25:25.40;5.28;0.01
;Cyg;η Cyg;19:56:18.38;35:05:00.33;3.89;1.02
Cygnus X-1;Cyg;;19:58:21.68;35:12:05.77;8.84;0.73
;Sge;γ Sge;19:58:45.43;19:29:31.73;3.51;1.57
;Sgr;θ1 Sgr;19:59:44.18;-35:16:34.70;4.37;-0.15
;Sgr;θ2 Sgr;19:59:51.34;-34:41:52.08;5.30;0.17
;Pav;μ1 Pav;20:00:23.10;-66:56:57.70;5.75;1.03
;Pav;ε Pav;20:00:35.44;-72:54:37.81;3.97;-0.03
;Pav;μ2 Pav;20:01:52.43;-66:56:38.28;5.32;1.22
;Dra;ρ Dra;20:02:49.06;67:52:24.83;4.51;1.31
;Aql;τ Aql;20:04:08.31;07:16:40.68;5.51;1.06
;Sge;η Sge;20:05:09.49;19:59:27.86;5.09;1.06
;Tel;ξ Tel;20:07:23.16;-52:52:50.85;4.93;1.59
;Pav;δ Pav;20:08:42.57;-66:10:55.44;3.55;0.75
;Cep;κ Cep;20:08:53.32;77:42:41.11;4.38;-0.05
;Sge;θ Sge;20:09:56.65;20:54:54.10;6.51;0.39
;Aql;θ Aql;20:11:18.29;00:49:17.26;3.24;-0.07
;Cap;ξ1 Cap;20:11:57.90;-12:23:32.65;6.34;1.21
;Cap;ξ2 Cap;20:12:25.87;-12:37:02.99;5.84;0.48
;Aql;ρ Aql;20:14:16.62;15:11:51.39;4.94;0.07
Chechia;Aql;;20:16:06.01;04:34:50.86;6.44;0.87
;Cap;α1 Cap;20:17:38.87;-12:30:29.56;4.30;0.93
Algedi;Cap;α2 Cap;20:18:03.25;-12:32:41.47;3.58;0.88
;Cap;σ Cap;20:19:23.60;-19:07:06.72;5.28;1.39
Alshat;Cap;ν Cap;20:20:39.81;-12:45:32.69;4.77;-0.05
Dabih;Cap;β Cap;20:21:00.67;-14:46:52.92;3.05;0.79
Sadr;Cyg;γ Cyg;20:22:13.70;40:15:24.04;2.23;0.67
;Sgr;κ1 Sgr;20:22:27.50;-42:02:58.37;5.60;0.00
;Sgr;κ2 Sgr;20:23:53.18;-42:25:22.32;5.64;0.20
Peacock;Pav;α Pav;20:25:38.85;-56:44:06.32;1.94;-0.12
;Cap;π Cap;20:27:19.21;-18:12:42.20;5.08;-0.05
;Cap;ρ Cap;20:28:51.61;-17:48:49.27;4.77;0.39
;Cep;θ Cep;20:29:34.85;62:59:38.78;4.21;0.20
;Cap;ο Cap;20:29:52.59;-18:35:10.96;6.74;0.22
;Cap;ο Cap;20:29:53.91;-18:34:59.44;5.94;0.06
;Cyg;ω1 Cyg;20:30:03.54;48:57:05.65;4.94;-0.09
;Cyg;ω2 Cyg;20:31:18.81;49:13:13.07;5.44;1.57
Aldulfin;Del;ε Del;20:33:12.77;11:18:11.75;4.03;-0.12
;Mic;ν Mic;20:33:55.07;-44:30:57.77;5.12;1.00
;Del;η Del;20:33:57.04;13:01:38.12;5.39;0.09
;Del;ζ Del;20:35:18.54;14:40:27.17;4.64;0.12
;Pav;φ1 Pav;20:35:34.81;-60:34:54.30;4.75;0.29
Rotanev;Del;β Del;20:37:32.94;14:35:42.31;3.64;0.43
;Ind;α Ind;20:37:34.02;-47:17:29.41;3.11;1.00
;Pav;ρ Pav;20:37:35.27;-61:31:47.70;4.86;0.45
;Del;ι Del;20:37:49.12;11:22:39.63;5.42;0.05
;Del;θ Del;20:38:43.99;13:18:54.45;5.69;1.51
;Del;κ Del;20:39:07.78;10:05:10.33;5.07;0.70
;Cap;τ Cap;20:39:16.32;-14:57:17.14;5.24;-0.13
Sualocin;Del;α Del;20:39:38.29;15:54:43.46;3.77;-0.06
;Pav;φ2 Pav;20:40:02.45;-60:32:56.01;5.11;0.54
;Cap;υ Cap;20:40:02.95;-18:08:19.17;5.15;1.65
Deneb;Cyg;α Cyg;20:41:25.92;45:16:49.22;1.25;0.09
;Oct;μ2 Oct;20:41:43.83;-75:21:02.89;6.51;0.62
;Pav;υ Pav;20:41:57.07;-66:45:38.46;5.14;-0.06
;Oct;μ1 Oct;20:42:02.63;-76:10:50.13;5.99;0.45
;Del;δ Del;20:43:27.53;15:04:28.49;4.43;0.30
;Ind;η Ind;20:44:02.28;-51:55:15.50;4.51;0.28
;Pav;β Pav;20:44:57.53;-66:12:11.56;3.42;0.16
;Cep;η Cep;20:45:17.32;61:50:19.62;3.41;0.91
;Cap;ψ Cap;20:46:05.74;-25:16:15.23;4.13;0.43
Aljanah;Cyg;ε Cyg;20:46:12.64;33:58:12.92;2.48;1.02
;Del;γ1 Del;20:46:38.86;16:07:26.88;5.15;0.50
;Del;γ2 Del;20:46:39.50;16:07:27.47;4.27;1.04
;Cyg;λ Cyg;20:47:24.54;36:29:26.58;4.53;-0.08
Albali;Aqr;ε Aqr;20:47:40.55;-9:29:44.79;3.78;0.00
;Mic;ι Mic;20:48:29.10;-43:59:18.76;5.11;0.36
;Pav;σ Pav;20:49:18.24;-68:46:35.48;5.41;1.12
;Ind;ζ Ind;20:49:28.95;-46:13:36.57;4.90;1.49
;Mic;α Mic;20:49:58.08;-33:46:47.00;4.89;1.00
;Ind;ι Ind;20:51:30.05;-51:36:29.44;5.06;1.12
;Cap;ω Cap;20:51:49.29;-26:55:08.88;4.12;1.63
;Mic;β Mic;20:51:58.76;-33:10:40.71;6.06;0.03
;Aqr;μ Aqr;20:52:39.23;-8:58:59.94;4.73;0.32
;Ind;β Ind;20:54:48.59;-58:27:14.96;3.67;1.25
;Cyg;ν Cyg;20:57:10.41;41:10:01.69;3.94;0.03
Musica;Del;;20:58:25.94;10:50:21.43;5.51;0.93
;Equ;ε Equ;20:59:04.48;04:17:36.53;5.30;0.46
;Mic;γ Mic;21:01:17.46;-32:15:27.96;4.67;0.89
;Mic;ζ Mic;21:02:57.96;-38:37:53.21;5.32;0.42
;Cap;η Cap;21:04:24.30;-19:51:17.97;4.82;0.17
;Oct;α Oct;21:04:43.04;-77:01:25.56;5.13;0.49
;Cyg;ξ Cyg;21:04:55.86;43:55:40.27;3.72;1.61
;Ind;μ Ind;21:05:14.24;-54:43:37.35;5.17;1.20
;Cap;θ Cap;21:05:56.82;-17:13:58.30;4.08;-0.01
;Mic;δ Mic;21:06:01.14;-30:07:30.43;5.69;1.05
;Mic;η Mic;21:06:25.51;-41:23:09.47;5.55;1.35
;Cap;χ Cap;21:08:33.62;-21:11:37.21;5.30;0.00
Polaris Australis;Oct;σ Oct;21:08:46.03;-88:57:23.40;5.45;0.28
;Aqr;ν Aqr;21:09:35.65;-11:22:18.09;4.50;0.93
;Equ;γ Equ;21:10:20.50;10:07:53.68;4.70;0.26
;Cyg;ζ Cyg;21:12:56.19;30:13:36.90;3.21;0.99
;Pav;ο Pav;21:13:20.46;-70:07:34.56;5.06;1.58
Solaris;Peg;;21:13:35.99;14:41:21.79;9.78;1.61
;Equ;δ Equ;21:14:28.81;10:00:25.13;4.47;0.53
;Cyg;τ Cyg;21:14:47.46;38:02:43.14;3.74;0.39
;Cap;φ Cap;21:15:37.90;-20:39:06.11;5.17;1.16
Kitalpha;Equ;α Equ;21:15:49.43;05:14:52.24;3.92;0.55
Lacaille 8760;Mic;;21:17:15.81;-38:52:02.50;6.69;1.40
;Cyg;σ Cyg;21:17:24.95;39:23:40.85;4.22;0.10
;Cyg;υ Cyg;21:17:55.08;34:53:48.83;4.41;-0.10
;Mic;ε Mic;21:17:56.28;-32:10:21.14;4.71;0.07
Alderamin;Cep;α Cep;21:18:34.67;62:35:08.06;2.45;0.26
;Ind;θ Ind;21:19:51.95;-53:26:57.94;4.39;0.19
;Mic;θ1 Mic;21:20:45.63;-40:48:34.07;4.80;0.03
;Cap;ι Cap;21:22:14.79;-16:50:04.35;4.28;0.89
;Equ;β Equ;21:22:53.61;06:48:40.10;5.16;0.06
;Mic;θ2 Mic;21:24:24.81;-41:00:24.10;5.76;-0.04
;Ind;γ Ind;21:26:15.44;-54:39:37.65;6.10;0.37
;Pav;γ Pav;21:26:26.54;-65:21:58.31;4.21;0.49
;Cap;ζ Cap;21:26:40.03;-22:24:40.80;3.77;1.00
Alfirk;Cep;β Cep;21:28:39.58;70:33:38.58;3.23;-0.20
Sadalsuud;Aqr;β Aqr;21:31:33.54;-5:34:16.22;2.90;0.83
;Gru;ξ Gru;21:32:05.87;-41:10:45.52;5.29;1.11
;Cyg;ρ Cyg;21:33:58.86;45:35:30.61;3.98;0.88
;Cap;ε Cap;21:37:04.83;-19:27:57.64;4.51;-0.18
Bunda;Aqr;ξ Aqr;21:37:45.11;-7:51:15.12;4.68;0.17
Sāmaya;PsA;;21:38:08.40;-31:44:14.95;8.56;0.55
Nashira;Cap;γ Cap;21:40:05.45;-16:39:44.31;3.69;0.32
;Oct;ν Oct;21:41:28.51;-77:23:24.17;3.73;1.01
Azelfafage;Cyg;π1 Cyg;21:42:05.66;51:11:22.64;4.69;-0.12
;Cap;κ Cap;21:42:39.50;-18:51:58.76;4.72;0.87
Bosona;Aqr;;21:43:24.90;-7:24:29.71;8.34;1.01
;Cep;μ Cep;21:43:30.46;58:46:48.17;4.23;2.24
;Cyg;μ1 Cyg;21:44:08.56;28:44:33.48;4.49;0.51
Enif;Peg;ε Peg;21:44:11.16;09:52:30.04;2.38;1.52
;Peg;κ Peg;21:44:38.73;25:38:42.13;4.14;0.43
;PsA;ι PsA;21:44:56.81;-33:01:32.81;4.35;-0.05
;Cep;ν Cep;21:45:26.93;61:07:14.90;4.25;0.47
;Cap;λ Cap;21:46:32.10;-11:21:57.43;5.57;-0.00
;Cyg;π2 Cyg;21:46:47.61;49:18:34.45;4.23;-0.12
Deneb Algedi;Cap;δ Cap;21:47:02.44;-16:07:38.23;2.85;0.18
;PsA;θ PsA;21:47:44.15;-30:53:53.89;5.02;0.04
;Ind;ο Ind;21:50:47.21;-69:37:45.90;5.52;1.38
;Oct;λ Oct;21:50:54.29;-82:43:08.05;5.27;0.76
;Cap;μ Cap;21:53:17.76;-13:33:06.36;5.08;0.38
Aldhanab;Gru;γ Gru;21:53:55.71;-37:21:53.47;3.00;-0.08
;Ind;π Ind;21:56:14.05;-57:53:58.53;6.17;0.22
Itonda;Gru;;21:57:19.83;-37:45:49.04;7.47;0.57
;Ind;δ Ind;21:57:55.05;-54:59:33.27;4.40;0.30
;Ind;κ1 Ind;21:58:30.08;-59:00:43.70;6.13;0.47
;PsA;η PsA;22:00:50.22;-28:27:13.45;5.43;-0.09
;Aqr;ο Aqr;22:03:18.84;-2:09:19.31;4.74;-0.10
;Ind;ε Ind;22:03:19.75;-56:47:09.52;4.69;1.06
Kurhah;Cep;ξ Cep;22:03:47.29;64:37:40.70;4.26;0.38
;Peg;ν Peg;22:05:40.75;05:03:30.71;4.86;1.44
Sadalmelik;Aqr;α Aqr;22:05:47.04;00:19:11.46;2.95;0.97
;Ind;κ2 Ind;22:05:50.99;-59:38:09.86;5.62;1.47
;Gru;λ Gru;22:06:06.89;-39:32:36.07;4.47;1.35
;Aqr;ι Aqr;22:06:26.23;-13:52:10.84;4.29;-0.08
;Peg;ι Peg;22:07:00.65;25:20:42.40;3.77;0.44
Alnair;Gru;α Gru;22:08:13.95;-46:57:39.51;1.73;-0.07
;PsA;μ PsA;22:08:23.00;-32:59:18.48;4.50;0.05
;PsA;υ PsA;22:08:25.93;-34:02:37.83;4.99;1.50
;Peg;π1 Peg;22:09:13.64;33:10:20.41;5.58;0.99
;Peg;π2 Peg;22:09:59.25;33:10:41.61;4.28;0.47
;PsA;τ PsA;22:10:08.73;-32:32:54.27;4.94;0.49
Biham;Peg;θ Peg;22:10:11.99;06:11:52.31;3.52;0.09
;Cep;ζ Cep;22:10:51.27;58:12:04.54;3.39;1.56
;Cep;λ Cep;22:11:30.58;59:24:52.16;5.05;0.19
;PsA;λ PsA;22:14:18.75;-27:46:00.87;5.45;-0.12
;Cep;ε Cep;22:15:01.96;57:02:36.91;4.18;0.28
;Gru;μ1 Gru;22:15:36.91;-41:20:48.12;4.79;0.79
;Gru;μ2 Gru;22:16:26.56;-41:37:38.01;5.11;0.93
Ancha;Aqr;θ Aqr;22:16:50.03;-7:46:59.84;4.17;0.98
;Oct;ψ Oct;22:17:50.67;-77:30:41.59;5.49;0.31
;Tuc;α Tuc;22:18:30.14;-60:15:34.51;2.87;1.39
;Oct;ε Oct;22:20:01.51;-80:26:23.09;5.09;1.28
;Aqr;ρ Aqr;22:20:11.91;-7:49:15.97;5.35;-0.05
Sadachbia;Aqr;γ Aqr;22:21:39.38;-1:23:14.39;3.86;-0.06
;Gru;π1 Gru;22:22:44.20;-45:56:52.60;6.42;2.23
;Gru;π2 Gru;22:23:07.93;-45:55:42.56;5.62;0.37
;Lac;β Lac;22:23:33.63;52:13:44.57;4.42;1.01
;Ind;ν Ind;22:24:35.15;-72:15:19.48;5.28;0.66
;Aqr;π Aqr;22:25:16.62;01:22:38.64;4.80;-0.17
;Cep;ρ1 Cep;22:26:42.44;78:47:09.07;5.83;0.17
Lionrock;Aqr;;22:27:03.07;-17:15:49.17;7.60;0.88
;Tuc;δ Tuc;22:27:19.91;-64:57:58.87;4.51;-0.03
Kruger 60;Cep;;22:27:59.91;57:41:45.15;9.59;1.61
;Gru;ν Gru;22:28:39.21;-39:07:54.45;5.47;0.96
;Aqr;ζ1 Aqr;22:28:49.91;00:01:11.90;3.65;0.41
;Cep;δ Cep;22:29:10.26;58:24:54.71;4.07;0.78
;Gru;δ1 Gru;22:29:16.17;-43:29:44.03;3.97;1.02
;Gru;δ2 Gru;22:29:45.44;-43:44:57.21;4.12;1.57
;Cep;ρ2 Cep;22:29:52.97;78:49:27.43;5.45;0.09
;Aqr;σ Aqr;22:30:38.82;-10:40:40.62;4.82;-0.05
;PsA;ζ PsA;22:30:53.77;-26:04:25.51;6.43;1.08
;Lac;α Lac;22:31:17.45;50:16:56.97;3.76;0.03
;PsA;β PsA;22:31:30.32;-32:20:45.86;4.29;0.01
;Oct;υ Oct;22:31:37.80;-85:58:02.11;5.76;1.02
;Tuc;ν Tuc;22:33:00.04;-61:58:55.64;4.91;1.61
;Aqr;υ Aqr;22:34:41.63;-20:42:29.58;5.21;0.45
;Aqr;η Aqr;22:35:21.38;00:07:02.99;4.04;-0.08
;Gru;σ1 Gru;22:36:29.30;-40:34:57.68;6.28;0.12
;Gru;σ2 Gru;22:36:58.85;-40:35:27.72;5.85;0.06
Situla;Aqr;κ Aqr;22:37:45.38;-4:13:41.00;5.04;1.14
EZ Aqr;Aqr;;22:38:33.22;-15:18:09.15;12.66;1.98
;PsA;ε PsA;22:40:39.34;-27:02:37.02;4.18;-0.10
Homam;Peg;ζ Peg;22:41:27.72;10:49:52.91;3.41;-0.09
;Peg;ο Peg;22:41:45.41;29:18:27.51;4.80;-0.01
Tiaki;Gru;β Gru;22:42:40.01;-46:53:04.48;2.07;1.61
Matar;Peg;η Peg;22:43:00.13;30:13:16.48;2.93;0.85
;Gru;ρ Gru;22:43:29.97;-41:24:51.65;4.84;1.03
Babcock's star;Lac;;22:44:07.50;55:35:21.21;8.83;0.03
;Gru;η Gru;22:45:37.87;-53:30:00.44;4.84;1.18
;Oct;β Oct;22:46:03.69;-81:22:53.81;4.13;0.21
;Peg;λ Peg;22:46:31.88;23:33:56.35;3.97;1.07
;Peg;ξ Peg;22:46:41.58;12:10:22.40;4.20;0.50
;Aqr;τ1 Aqr;22:47:42.77;-14:03:23.14;5.68;-0.02
;Gru;ε Gru;22:48:33.26;-51:19:00.71;3.49;0.08
;Aqr;τ2 Aqr;22:49:35.50;-13:35:33.48;4.05;1.57
;Cep;ι Cep;22:49:40.87;66:12:01.47;3.50;1.05
Sadalbari;Peg;μ Peg;22:50:00.19;24:36:05.68;3.51;0.93
;Oct;ξ Oct;22:50:22.76;-80:07:25.84;5.32;-0.13
;Peg;σ Peg;22:52:24.07;09:50:08.39;5.16;0.49
;PsA;γ PsA;22:52:31.54;-32:52:31.81;4.46;-0.04
;Aqr;λ Aqr;22:52:36.88;-7:34:46.56;3.73;1.63
;Gru;τ1 Gru;22:53:37.87;-48:35:53.83;6.03;0.62
Skat;Aqr;δ Aqr;22:54:39.01;-15:49:14.95;3.27;0.07
;Ind;ρ Ind;22:54:39.53;-70:04:25.35;6.04;0.66
;Peg;ρ Peg;22:55:13.67;08:48:58.20;4.91;-0.00
;PsA;δ PsA;22:55:56.90;-32:32:22.66;4.20;0.95
;Gru;τ3 Gru;22:56:47.81;-47:58:09.20;5.72;0.23
Helvetios;Peg;;22:57:27.97;20:46:07.80;5.45;0.67
Fomalhaut;PsA;α PsA;22:57:39.02;-29:37:20.05;1.17;0.14
;Gru;ζ Gru;23:00:52.84;-52:45:14.89;4.11;0.96
;And;ο And;23:01:55.26;42:19:33.52;3.62;-0.10
;PsA;π PsA;23:03:29.81;-34:44:57.88;5.12;0.31
Scheat;Peg;β Peg;23:03:46.44;28:04:58.04;2.44;1.65
Fumalsamakah;Psc;β Psc;23:03:52.61;03:49:12.16;4.48;-0.12
;Gru;κ Gru;23:04:39.60;-53:57:53.66;5.37;1.45
Markab;Peg;α Peg;23:04:45.65;15:12:18.95;2.49;-0.00
Lacaille 9352;PsA;;23:05:51.11;-35:51:11.06;7.35;1.48
;Gru;θ Gru;23:06:52.74;-43:31:13.29;4.28;0.42
;Gru;υ Gru;23:06:53.62;-38:53:32.25;5.62;0.01
;Cep;π Cep;23:07:53.84;75:23:14.99;4.41;0.80
Ebla;Psc;;23:09:10.73;-2:15:38.67;8.59;1.01
;Gru;ι Gru;23:10:21.50;-45:14:48.16;3.88;1.00
;Aqr;φ Aqr;23:14:19.36;-6:02:56.41;4.22;1.54
;Aqr;ψ1 Aqr;23:15:53.49;-9:05:15.85;4.24;1.11
;Aqr;χ Aqr;23:16:50.94;-7:43:35.41;4.93;1.61
;Psc;γ Psc;23:17:09.94;03:16:56.24;3.70;0.92
;Tuc;γ Tuc;23:17:25.79;-58:14:08.64;3.99;0.41
;Aqr;ψ2 Aqr;23:17:54.21;-9:10:57.05;4.41;-0.14
;Gru;φ Gru;23:18:09.86;-40:49:27.70;5.54;0.44
;Cep;ο Cep;23:18:37.44;68:06:41.20;4.75;0.84
;Scl;γ Scl;23:18:49.44;-32:31:55.30;4.41;1.11
;Aqr;ψ3 Aqr;23:18:57.68;-9:36:38.70;4.99;-0.02
Salm;Peg;τ Peg;23:20:38.24;23:44:25.21;4.58;0.18
Alkarab;Peg;υ Peg;23:25:22.77;23:24:14.76;4.42;0.62
;Gru;ο Gru;23:26:36.56;-52:43:17.77;5.53;0.41
;Psc;κ Psc;23:26:55.95;01:15:20.19;4.95;0.04
;Psc;θ Psc;23:27:58.10;06:22:44.37;4.27;1.06
;Oct;τ Oct;23:28:03.58;-87:28:55.97;5.50;1.28
Veritate;And;;23:31:17.36;39:14:10.31;5.22;1.03
Poerava;Tuc;;23:31:20.24;-58:12:35.04;7.82;0.51
;Scl;β Scl;23:32:58.24;-37:49:05.76;4.38;-0.09
;Phe;ι Phe;23:35:04.56;-42:36:54.27;4.69;0.08
;And;λ And;23:37:33.80;46:27:29.35;3.81;0.98
;And;ι And;23:38:08.20;43:16:05.06;4.29;-0.08
Errai;Cep;γ Cep;23:39:20.95;77:37:56.19;3.21;1.03
;Phe;θ Phe;23:39:27.94;-46:38:16.08;6.07;0.24
;Aqr;ω1 Aqr;23:39:47.07;-14:13:19.84;4.97;0.26
;Psc;ι Psc;23:39:57.04;05:37:34.65;4.13;0.51
;And;κ And;23:40:24.49;44:20:02.16;4.15;-0.07
;Scl;μ Scl;23:40:38.16;-32:04:23.25;5.30;0.96
Ross 248;And;;23:41:54.16;44:10:29.73;12.29;1.90
;Psc;λ Psc;23:42:02.80;01:46:48.15;4.49;0.20
;Aqr;ω2 Aqr;23:42:43.34;-14:32:41.66;4.49;-0.03
;And;ψ And;23:46:02.04;46:25:12.99;4.97;1.09
;Cas;τ Cas;23:47:03.42;58:39:07.16;4.88;1.12
;Phe;σ Phe;23:47:15.99;-50:13:35.26;5.18;-0.16
;Scl;δ Scl;23:48:55.54;-28:07:48.96;4.59;0.00
;Oct;γ1 Oct;23:52:06.66;-82:01:07.74;5.10;0.93
;Peg;φ Peg;23:52:29.29;19:07:13.03;5.06;1.59
;Cas;ρ Cas;23:54:23.03;57:29:57.78;4.51;1.19
;Oct;γ2 Oct;23:57:32.97;-82:10:11.29;5.72;1.05
;Tuc;η Tuc;23:57:35.02;-64:17:53.63;5.00;0.06
;Peg;ψ Peg;23:57:45.53;25:08:29.04;4.63;1.58
;Phe;π Phe;23:58:55.76;-52:44:44.91;5.13;1.12
;Cas;σ Cas;23:59:00.54;55:45:17.74;4.88;-0.07
;Psc;ω Psc;23:59:18.69;06:51:47.96;4.03;0.42
Axólotl;Cet;;23:59:53.83;-22:25:41.21;8.23;0.64
;Tuc;ε Tuc;23:59:54.94;-65:34:37.68;4.49;-0.08
